t,detected,confidence,max_objectness,target_source,selection_reason
1783055330.896721,False,0.05858490616083145,0.05858490616083145,truth,target_distance_terminal
1783055330.9223995,True,0.8687425851821899,0.8687425851821899,truth,target_distance_terminal
1783055330.9550755,True,0.690461277961731,0.690461277961731,truth,target_distance_terminal
1783055330.9883296,True,0.8436520099639893,0.8436520099639893,truth,target_distance_terminal
1783055331.0219347,False,0.19362202286720276,0.19362202286720276,truth,target_distance_terminal
1783055331.0550122,False,0.2688393294811249,0.2688393294811249,truth,target_distance_terminal
1783055331.088388,False,0.2526671886444092,0.2526671886444092,truth,target_distance_terminal
1783055331.1220798,True,0.6108918190002441,0.6108918190002441,truth,target_distance_terminal
1783055331.1553643,True,0.8048243522644043,0.8048243522644043,truth,target_distance_terminal
1783055331.1884315,True,0.687027096748352,0.687027096748352,truth,target_distance_terminal
1783055331.2224329,True,0.8731184601783752,0.8731184601783752,truth,target_distance_terminal
1783055331.255381,True,0.8533579707145691,0.8533579707145691,truth,target_distance_terminal
1783055331.2891057,True,0.5794318914413452,0.5794318914413452,truth,target_distance_terminal
1783055331.3207316,True,0.676029622554779,0.676029622554779,truth,target_distance_terminal
1783055331.3552046,True,0.6145374774932861,0.6145374774932861,truth,target_distance_terminal
1783055331.3883865,True,0.6673398613929749,0.6673398613929749,truth,target_distance_terminal
1783055331.4213102,True,0.8234652280807495,0.8234652280807495,truth,target_distance_terminal
1783055331.454788,True,0.6519190669059753,0.6519190669059753,truth,target_distance_terminal
1783055331.4886274,True,0.9026522040367126,0.9026522040367126,truth,target_distance_terminal
1783055331.5211294,True,0.9120603799819946,0.9120603799819946,truth,target_distance_terminal
1783055331.5548396,True,0.9278020262718201,0.9278020262718201,truth,target_distance_terminal
1783055331.596713,True,0.9384479522705078,0.9384479522705078,truth,target_distance_terminal
1783055331.6214375,True,0.9668622612953186,0.9668622612953186,truth,target_distance_terminal
1783055331.6647186,True,0.9591336846351624,0.9591336846351624,truth,target_distance_terminal
1783055331.6889236,True,0.973839282989502,0.973839282989502,truth,target_distance_terminal
1783055331.7214708,True,0.9192575812339783,0.9192575812339783,truth,target_distance_terminal
1783055331.7558002,True,0.8752841949462891,0.8752841949462891,truth,target_distance_terminal
1783055331.7889833,True,0.862587034702301,0.862587034702301,truth,target_distance_terminal
1783055331.8214142,True,0.9430087804794312,0.9430087804794312,truth,target_distance_terminal
1783055331.8545463,True,0.9529930353164673,0.9529930353164673,truth,target_distance_terminal
1783055331.8884857,True,0.945468544960022,0.945468544960022,truth,target_distance_terminal
1783055331.9327116,True,0.9123217463493347,0.9123217463493347,truth,target_distance_terminal
1783055331.9554243,True,0.9077571034431458,0.9077571034431458,truth,target_distance_terminal
1783055331.9886186,True,0.9366698265075684,0.9366698265075684,truth,target_distance_terminal
1783055332.021338,True,0.9417721033096313,0.9417721033096313,truth,target_distance_terminal
1783055332.0561395,True,0.9481192231178284,0.9481192231178284,truth,target_distance_terminal
1783055332.089023,True,0.9575967788696289,0.9575967788696289,truth,target_distance_terminal
1783055332.1206017,True,0.986772358417511,0.986772358417511,truth,target_distance_terminal
1783055332.1548245,True,0.9775744080543518,0.9775744080543518,truth,target_distance_terminal
1783055332.1888237,True,0.9849115610122681,0.9849115610122681,truth,target_distance_terminal
1783055332.2225115,True,0.9678525924682617,0.9678525924682617,truth,target_distance_terminal
1783055332.2687683,True,0.982508659362793,0.982508659362793,truth,target_distance_terminal
1783055332.288496,True,0.9673509001731873,0.9673509001731873,truth,target_distance_terminal
1783055332.321394,True,0.9670119285583496,0.9670119285583496,truth,target_distance_terminal
1783055332.3560147,True,0.9524337649345398,0.9524337649345398,truth,target_distance_terminal
1783055332.389091,True,0.9500110745429993,0.9500110745429993,truth,target_distance_terminal
1783055332.4203947,True,0.9892258048057556,0.9892258048057556,truth,target_distance_terminal
1783055332.4550679,True,0.9987214207649231,0.9987214207649231,truth,target_distance_terminal
1783055332.488573,True,0.9956080317497253,0.9956080317497253,truth,target_distance_terminal
1783055332.5218534,True,0.9981945157051086,0.9981945157051086,truth,target_distance_terminal
1783055332.5551734,True,0.9967586398124695,0.9967586398124695,truth,target_distance_terminal
1783055332.5885825,True,0.9971809387207031,0.9971809387207031,truth,target_distance_terminal
1783055332.6213841,True,0.9972783923149109,0.9972783923149109,truth,target_distance_terminal
1783055332.6554942,True,0.9958732724189758,0.9958732724189758,truth,target_distance_terminal
1783055332.6887095,True,0.9954223036766052,0.9954223036766052,truth,target_distance_terminal
1783055332.722644,True,0.9971201419830322,0.9971201419830322,truth,target_distance_terminal
1783055332.7550347,True,0.9989354014396667,0.9989354014396667,truth,target_distance_terminal
1783055332.800725,True,0.9996606111526489,0.9996606111526489,truth,target_distance_terminal
1783055332.8203695,True,0.9995362758636475,0.9995362758636475,truth,target_distance_terminal
1783055332.8548336,True,0.9996838569641113,0.9996838569641113,truth,target_distance_terminal
1783055332.8880548,True,0.9997387528419495,0.9997387528419495,truth,target_distance_terminal
1783055332.9287236,True,0.9998080134391785,0.9998080134391785,truth,target_distance_terminal
1783055332.9551733,True,0.9999082088470459,0.9999082088470459,truth,target_distance_terminal
1783055332.9890656,True,0.9997455477714539,0.9997455477714539,truth,target_distance_terminal
1783055333.032721,True,0.9998886585235596,0.9998886585235596,truth,target_distance_terminal
1783055333.0551057,True,0.9994432330131531,0.9994432330131531,truth,target_distance_terminal
1783055333.0894265,True,0.9976576566696167,0.9976576566696167,truth,target_distance_terminal
1783055333.1327176,True,0.9977245926856995,0.9977245926856995,truth,target_distance_terminal
1783055333.1548498,True,0.9961913824081421,0.9961913824081421,truth,target_distance_terminal
1783055333.188282,True,0.9944873452186584,0.9944873452186584,truth,target_distance_terminal
1783055333.2213314,True,0.9968581199645996,0.9968581199645996,truth,target_distance_terminal
1783055333.2551632,True,0.996593177318573,0.996593177318573,truth,target_distance_terminal
1783055333.2897005,True,0.996383786201477,0.996383786201477,truth,target_distance_terminal
1783055333.321103,True,0.9974574446678162,0.9974574446678162,truth,target_distance_terminal
1783055333.3551292,True,0.9978544116020203,0.9978544116020203,truth,target_distance_terminal
1783055333.3887043,True,0.9985093474388123,0.9985093474388123,truth,target_distance_terminal
1783055333.4216256,True,0.998065173625946,0.998065173625946,truth,target_distance_terminal
1783055333.4552846,True,0.9978148937225342,0.9978148937225342,truth,target_distance_terminal
1783055333.4892445,True,0.9991045594215393,0.9991045594215393,truth,target_distance_terminal
1783055333.5327156,True,0.9993243217468262,0.9993243217468262,truth,target_distance_terminal
1783055333.555054,True,0.9992141723632812,0.9992141723632812,truth,target_distance_terminal
1783055333.5891283,True,0.9991902709007263,0.9991902709007263,truth,target_distance_terminal
1783055333.6218646,True,0.9990972280502319,0.9990972280502319,truth,target_distance_terminal
1783055333.6548326,True,0.9985719919204712,0.9985719919204712,truth,target_distance_terminal
1783055333.688451,True,0.998714804649353,0.998714804649353,truth,target_distance_terminal
1783055333.7287228,True,0.9995529055595398,0.9995529055595398,truth,target_distance_terminal
1783055333.7558825,True,0.9994382262229919,0.9994382262229919,truth,target_distance_terminal
1783055333.7882285,True,0.999406099319458,0.999406099319458,truth,target_distance_terminal
1783055333.8214674,True,0.999110996723175,0.999110996723175,truth,target_distance_terminal
1783055333.8556736,True,0.9988148212432861,0.9988148212432861,truth,target_distance_terminal
1783055333.8889794,True,0.9991157650947571,0.9991157650947571,truth,target_distance_terminal
1783055333.9216735,True,0.9992325305938721,0.9992325305938721,truth,target_distance_terminal
1783055333.9552805,True,0.9994688630104065,0.9994688630104065,truth,target_distance_terminal
1783055333.9891684,True,0.9986467957496643,0.9986467957496643,truth,target_distance_terminal
1783055334.0217576,True,0.9985876083374023,0.9985876083374023,truth,target_distance_terminal
1783055334.0549378,True,0.9988910555839539,0.9988910555839539,truth,target_distance_terminal
1783055334.088699,True,0.9993768334388733,0.9993768334388733,truth,target_distance_terminal
1783055334.12234,True,0.9995249509811401,0.9995249509811401,truth,target_distance_terminal
1783055334.155492,True,0.999125063419342,0.999125063419342,truth,target_distance_terminal
1783055334.188559,True,0.9946159720420837,0.9946159720420837,truth,target_distance_terminal
1783055334.2228606,True,0.99674391746521,0.99674391746521,truth,target_distance_terminal
1783055334.255076,True,0.998715877532959,0.998715877532959,truth,target_distance_terminal
1783055334.2885947,True,0.9988974332809448,0.9988974332809448,truth,target_distance_terminal
1783055334.3204637,True,0.9993739724159241,0.9993739724159241,truth,target_distance_terminal
1783055334.3547575,True,0.999106228351593,0.999106228351593,truth,target_distance_terminal
1783055334.3890226,True,0.9984985589981079,0.9984985589981079,truth,target_distance_terminal
1783055334.4223626,True,0.9938845038414001,0.9938845038414001,truth,target_distance_terminal
1783055334.4556084,True,0.9829232692718506,0.9829232692718506,truth,target_distance_terminal
1783055334.488017,True,0.984511137008667,0.984511137008667,truth,target_distance_terminal
1783055334.5215402,True,0.9762482047080994,0.9762482047080994,truth,target_distance_terminal
1783055334.55444,True,0.9767571091651917,0.9767571091651917,truth,target_distance_terminal
1783055334.5881805,True,0.9862982034683228,0.9862982034683228,truth,target_distance_terminal
1783055334.6213584,True,0.9894146919250488,0.9894146919250488,truth,target_distance_terminal
1783055334.6545088,True,0.9774288535118103,0.9774288535118103,truth,target_distance_terminal
1783055334.6879468,True,0.9276079535484314,0.9276079535484314,truth,target_distance_terminal
1783055334.72145,True,0.9593369364738464,0.9593369364738464,truth,target_distance_terminal
1783055334.7553406,True,0.9798448085784912,0.9798448085784912,truth,target_distance_terminal
1783055334.8007379,True,0.9837642312049866,0.9837642312049866,truth,target_distance_terminal
1783055334.822598,True,0.9866454005241394,0.9866454005241394,truth,target_distance_terminal
1783055334.8561428,True,0.9871624112129211,0.9871624112129211,truth,target_distance_terminal
1783055334.88819,True,0.9980477094650269,0.9980477094650269,truth,target_distance_terminal
1783055334.928741,True,0.996855616569519,0.996855616569519,truth,target_distance_terminal
1783055334.9547913,True,0.9986236095428467,0.9986236095428467,truth,target_distance_terminal
1783055334.988299,True,0.9996447563171387,0.9996447563171387,truth,target_distance_terminal
1783055335.0251389,True,0.999930739402771,0.999930739402771,truth,target_distance_terminal
1783055335.0549781,True,0.9999339580535889,0.9999339580535889,truth,target_distance_terminal
1783055335.0889502,True,0.9999701976776123,0.9999701976776123,truth,target_distance_terminal
1783055335.121285,True,0.9999403953552246,0.9999403953552246,truth,target_distance_terminal
1783055335.1547213,True,0.9999068975448608,0.9999068975448608,truth,target_distance_terminal
1783055335.188195,True,0.9999442100524902,0.9999442100524902,truth,target_distance_terminal
1783055335.221642,True,0.9997308850288391,0.9997308850288391,truth,target_distance_terminal
1783055335.2549977,True,0.9996941089630127,0.9996941089630127,truth,target_distance_terminal
1783055335.2890794,True,0.9994834661483765,0.9994834661483765,truth,target_distance_terminal
1783055335.3221617,True,0.9997826218605042,0.9997826218605042,truth,target_distance_terminal
1783055335.3548937,True,0.9996709823608398,0.9996709823608398,truth,target_distance_terminal
1783055335.3884382,True,0.9994742274284363,0.9994742274284363,truth,target_distance_terminal
1783055335.4220893,True,0.9998106360435486,0.9998106360435486,truth,target_distance_terminal
1783055335.4551046,True,0.9994528889656067,0.9994528889656067,truth,target_distance_terminal
1783055335.496717,True,0.997093677520752,0.997093677520752,truth,target_distance_terminal
1783055335.5207365,True,0.9992961883544922,0.9992961883544922,truth,target_distance_terminal
1783055335.554689,True,0.999188244342804,0.999188244342804,truth,target_distance_terminal
1783055335.5887125,True,0.9998438358306885,0.9998438358306885,truth,target_distance_terminal
1783055335.6214817,True,0.9999790191650391,0.9999790191650391,truth,target_distance_terminal
1783055335.6552212,True,0.9999866485595703,0.9999866485595703,truth,target_distance_terminal
1783055335.688399,True,0.9999903440475464,0.9999903440475464,truth,target_distance_terminal
1783055335.7216136,True,0.9999831914901733,0.9999831914901733,truth,target_distance_terminal
1783055335.754864,True,0.9999215602874756,0.9999215602874756,truth,target_distance_terminal
1783055335.7888055,True,0.9999411106109619,0.9999411106109619,truth,target_distance_terminal
1783055335.820282,True,0.999967098236084,0.999967098236084,truth,target_distance_terminal
1783055335.8547652,True,0.9999426603317261,0.9999426603317261,truth,target_distance_terminal
1783055335.888749,True,0.9999403953552246,0.9999403953552246,truth,target_distance_terminal
1783055335.9220822,True,0.999897837638855,0.999897837638855,truth,target_distance_terminal
1783055335.9554996,True,0.999886155128479,0.999886155128479,truth,target_distance_terminal
1783055335.9883044,True,0.9998569488525391,0.9998569488525391,truth,target_distance_terminal
1783055336.0213122,True,0.999932050704956,0.999932050704956,truth,target_distance_terminal
1783055336.0550585,True,0.9996731281280518,0.9996731281280518,truth,target_distance_terminal
1783055336.0887663,True,0.9972367286682129,0.9972367286682129,truth,target_distance_terminal
1783055336.1224096,True,0.997428834438324,0.997428834438324,truth,target_distance_terminal
1783055336.1547797,True,0.9963906407356262,0.9963906407356262,truth,target_distance_terminal
1783055336.1895607,True,0.988544762134552,0.988544762134552,truth,target_distance_terminal
1783055336.2203152,True,0.9277405738830566,0.9277405738830566,truth,target_distance_terminal
1783055336.2548783,True,0.9726328253746033,0.9726328253746033,truth,target_distance_terminal
1783055336.288481,True,0.994653582572937,0.994653582572937,truth,target_distance_terminal
1783055336.3215632,True,0.9971461892127991,0.9971461892127991,truth,target_distance_terminal
1783055336.3549662,True,0.9918361306190491,0.9918361306190491,truth,target_distance_terminal
1783055336.388786,True,0.9960694313049316,0.9960694313049316,truth,target_distance_terminal
1783055336.4228213,True,0.9980339407920837,0.9980339407920837,truth,target_distance_terminal
1783055336.4560652,True,0.9993293285369873,0.9993293285369873,truth,target_distance_terminal
1783055336.4880562,True,0.9998694658279419,0.9998694658279419,truth,target_distance_terminal
1783055336.5214305,True,0.9996597766876221,0.9996597766876221,truth,target_distance_terminal
1783055336.5553415,True,0.9794756770133972,0.9794756770133972,truth,target_distance_terminal
1783055336.5907562,True,0.9968738555908203,0.9968738555908203,truth,target_distance_terminal
1783055336.621182,True,0.9958446621894836,0.9958446621894836,truth,target_distance_terminal
1783055336.6544123,True,0.9973942041397095,0.9973942041397095,truth,target_distance_terminal
1783055336.6889658,True,0.9987694621086121,0.9987694621086121,truth,target_distance_terminal
1783055336.722822,True,0.9997879862785339,0.9997879862785339,truth,target_distance_terminal
1783055336.7545435,True,0.9999237060546875,0.9999237060546875,truth,target_distance_terminal
1783055336.7889755,True,0.9999555349349976,0.9999555349349976,truth,target_distance_terminal
1783055336.8219836,True,0.9999889135360718,0.9999889135360718,truth,target_distance_terminal
1783055336.8551736,True,0.9999594688415527,0.9999594688415527,truth,target_distance_terminal
1783055336.888642,True,0.9999408721923828,0.9999408721923828,truth,target_distance_terminal
1783055336.9205372,True,0.9999649524688721,0.9999649524688721,truth,target_distance_terminal
1783055336.9544628,True,0.9999558925628662,0.9999558925628662,truth,target_distance_terminal
1783055336.9885616,True,0.9999550580978394,0.9999550580978394,truth,target_distance_terminal
1783055337.0204477,True,0.9999902248382568,0.9999902248382568,truth,target_distance_terminal
1783055337.0545914,True,0.9999902248382568,0.9999902248382568,truth,target_distance_terminal
1783055337.0877717,True,0.9999904632568359,0.9999904632568359,truth,target_distance_terminal
1783055337.121291,True,0.9999926090240479,0.9999926090240479,truth,target_distance_terminal
1783055337.1551795,True,0.9999849796295166,0.9999849796295166,truth,target_distance_terminal
1783055337.188642,True,0.9999709129333496,0.9999709129333496,truth,target_distance_terminal
1783055337.220157,True,0.9999687671661377,0.9999687671661377,truth,target_distance_terminal
1783055337.264726,True,0.9998644590377808,0.9998644590377808,truth,target_distance_terminal
1783055337.2883043,True,0.9998224377632141,0.9998224377632141,truth,target_distance_terminal
1783055337.3218386,True,0.9999538660049438,0.9999538660049438,truth,target_distance_terminal
1783055337.3550792,True,0.9999799728393555,0.9999799728393555,truth,target_distance_terminal
1783055337.3884923,True,0.999976634979248,0.999976634979248,truth,target_distance_terminal
1783055337.4327128,True,0.9999707937240601,0.9999707937240601,truth,target_distance_terminal
1783055337.4552407,True,0.9999929666519165,0.9999929666519165,truth,target_distance_terminal
1783055337.488475,True,0.9999983310699463,0.9999983310699463,truth,target_distance_terminal
1783055337.521181,True,0.9999994039535522,0.9999994039535522,truth,target_distance_terminal
1783055337.554886,True,0.9999990463256836,0.9999990463256836,truth,target_distance_terminal
1783055337.5884511,True,0.9999986886978149,0.9999986886978149,truth,target_distance_terminal
1783055337.6201975,True,0.9999995231628418,0.9999995231628418,truth,target_distance_terminal
1783055337.660723,True,0.9999997615814209,0.9999997615814209,truth,target_distance_terminal
1783055337.6876361,True,1.0,1.0,truth,target_distance_terminal
1783055337.721041,True,1.0,1.0,truth,target_distance_terminal
1783055337.7551687,True,1.0,1.0,truth,target_distance_terminal
1783055337.78857,True,1.0,1.0,truth,target_distance_terminal
1783055337.8212144,True,1.0,1.0,truth,target_distance_terminal
1783055337.8544238,True,1.0,1.0,truth,target_distance_terminal
1783055337.8879225,True,1.0,1.0,truth,target_distance_terminal
1783055337.92043,True,1.0,1.0,truth,target_distance_terminal
1783055337.9544587,True,1.0,1.0,truth,target_distance_terminal
1783055337.9879558,True,1.0,1.0,truth,target_distance_terminal
1783055338.0214863,True,1.0,1.0,truth,target_distance_terminal
1783055338.054918,True,1.0,1.0,truth,target_distance_terminal
1783055338.0879457,True,1.0,1.0,truth,target_distance_terminal
1783055338.1204317,True,1.0,1.0,truth,target_distance_terminal
1783055338.1554286,True,1.0,1.0,truth,target_distance_terminal
1783055338.188608,True,1.0,1.0,truth,target_distance_terminal
1783055338.2216592,True,1.0,1.0,truth,target_distance_terminal
1783055338.2647254,True,1.0,1.0,truth,target_distance_terminal
1783055338.2879584,True,1.0,1.0,truth,target_distance_terminal
1783055338.320336,True,1.0,1.0,truth,target_distance_terminal
1783055338.3546805,True,1.0,1.0,truth,target_distance_terminal
1783055338.3878722,True,1.0,1.0,truth,target_distance_terminal
1783055338.4203575,True,0.9999997615814209,0.9999997615814209,truth,target_distance_terminal
1783055338.4542427,True,0.9999996423721313,0.9999996423721313,truth,target_distance_terminal
1783055338.4878669,True,0.9999998807907104,0.9999998807907104,truth,target_distance_terminal
1783055338.5219803,True,1.0,1.0,truth,target_distance_terminal
1783055338.5557876,True,0.9999998807907104,0.9999998807907104,truth,target_distance_terminal
1783055338.5879853,True,1.0,1.0,truth,target_distance_terminal
1783055338.620401,True,1.0,1.0,truth,target_distance_terminal
1783055338.6549718,True,1.0,1.0,truth,target_distance_terminal
1783055338.6878178,True,1.0,1.0,truth,target_distance_terminal
1783055338.7210464,True,1.0,1.0,truth,target_distance_terminal
1783055338.7544577,True,1.0,1.0,truth,target_distance_terminal
1783055338.7880857,True,0.9999998807907104,0.9999998807907104,truth,target_distance_terminal
1783055338.821091,True,1.0,1.0,truth,target_distance_terminal
1783055338.85474,True,1.0,1.0,truth,target_distance_terminal
1783055338.8880565,True,1.0,1.0,truth,target_distance_terminal
1783055338.9205549,True,1.0,1.0,truth,target_distance_terminal
1783055338.954319,True,1.0,1.0,truth,target_distance_terminal
1783055338.988453,True,1.0,1.0,truth,target_distance_terminal
1783055339.0216439,True,1.0,1.0,truth,target_distance_terminal
1783055339.0547802,True,1.0,1.0,truth,target_distance_terminal
1783055339.0967155,True,0.9999986886978149,0.9999986886978149,truth,target_distance_terminal
1783055339.1220698,True,0.9999997615814209,0.9999997615814209,truth,target_distance_terminal
1783055339.154614,True,0.9999997615814209,0.9999997615814209,truth,target_distance_terminal
1783055339.1877644,True,0.9999998807907104,0.9999998807907104,truth,target_distance_terminal
1783055339.2212195,True,1.0,1.0,truth,target_distance_terminal
1783055339.2546628,True,1.0,1.0,truth,target_distance_terminal
1783055339.2888982,True,1.0,1.0,truth,target_distance_terminal
1783055339.321795,True,0.9999996423721313,0.9999996423721313,truth,target_distance_terminal
1783055339.3546813,True,0.9999992847442627,0.9999992847442627,truth,target_distance_terminal
1783055339.3888726,True,0.9999992847442627,0.9999992847442627,truth,target_distance_terminal
1783055339.4215086,True,0.9999992847442627,0.9999992847442627,truth,target_distance_terminal
1783055339.464732,True,0.9999938011169434,0.9999938011169434,truth,target_distance_terminal
1783055339.4884112,True,0.9999958276748657,0.9999958276748657,truth,target_distance_terminal
1783055339.5213494,True,0.9999980926513672,0.9999980926513672,truth,target_distance_terminal
1783055339.5544443,True,0.9999986886978149,0.9999986886978149,truth,target_distance_terminal
1783055339.587774,True,0.9999990463256836,0.9999990463256836,truth,target_distance_terminal
1783055339.6202016,True,0.9999947547912598,0.9999947547912598,truth,target_distance_terminal
1783055339.6555018,True,0.9999960660934448,0.9999960660934448,truth,target_distance_terminal
1783055339.687926,True,0.9999995231628418,0.9999995231628418,truth,target_distance_terminal
1783055339.7218175,True,0.9999998807907104,0.9999998807907104,truth,target_distance_terminal
1783055339.7544475,True,1.0,1.0,truth,target_distance_terminal
1783055339.7881734,True,1.0,1.0,truth,target_distance_terminal
1783055339.8327262,True,1.0,1.0,truth,target_distance_terminal
1783055339.855372,True,1.0,1.0,truth,target_distance_terminal
1783055339.8885124,True,1.0,1.0,truth,target_distance_terminal
1783055339.9212315,True,1.0,1.0,truth,target_distance_terminal
1783055339.9687238,True,0.9999998807907104,0.9999998807907104,truth,target_distance_terminal
1783055339.9887185,True,0.9999988079071045,0.9999988079071045,truth,target_distance_terminal
1783055340.021503,True,0.9999988079071045,0.9999988079071045,truth,target_distance_terminal
1783055340.0543284,True,0.9999990463256836,0.9999990463256836,truth,target_distance_terminal
1783055340.088119,True,0.999998927116394,0.999998927116394,truth,target_distance_terminal
1783055340.1210423,True,0.9999996423721313,0.9999996423721313,truth,target_distance_terminal
1783055340.1545436,True,0.9999996423721313,0.9999996423721313,truth,target_distance_terminal
1783055340.1877615,True,1.0,1.0,truth,target_distance_terminal
1783055340.2217352,True,1.0,1.0,truth,target_distance_terminal
1783055340.2545419,True,1.0,1.0,truth,target_distance_terminal
1783055340.2880228,True,1.0,1.0,truth,target_distance_terminal
1783055340.3223546,True,0.9999998807907104,0.9999998807907104,truth,target_distance_terminal
1783055340.3542821,True,0.9999997615814209,0.9999997615814209,truth,target_distance_terminal
1783055340.3877535,True,0.9999997615814209,0.9999997615814209,truth,target_distance_terminal
1783055340.4211152,True,0.9999997615814209,0.9999997615814209,truth,target_distance_terminal
1783055340.4542696,True,0.9999997615814209,0.9999997615814209,truth,target_distance_terminal
1783055340.4891124,True,0.9999997615814209,0.9999997615814209,truth,target_distance_terminal
1783055340.5209002,True,0.9999995231628418,0.9999995231628418,truth,target_distance_terminal
1783055340.55521,True,0.9999996423721313,0.9999996423721313,truth,target_distance_terminal
1783055340.5880675,True,0.9999996423721313,0.9999996423721313,truth,target_distance_terminal
1783055340.6211011,True,1.0,1.0,truth,target_distance_terminal
1783055340.6543202,True,0.9999998807907104,0.9999998807907104,truth,target_distance_terminal
1783055340.687907,True,0.9999998807907104,0.9999998807907104,truth,target_distance_terminal
1783055340.720921,True,0.9999998807907104,0.9999998807907104,truth,target_distance_terminal
1783055340.7547026,True,0.9999998807907104,0.9999998807907104,truth,target_distance_terminal
1783055340.7887454,True,0.9999998807907104,0.9999998807907104,truth,target_distance_terminal
1783055340.8327143,True,0.9999998807907104,0.9999998807907104,truth,target_distance_terminal
1783055340.8547845,True,0.9999998807907104,0.9999998807907104,truth,target_distance_terminal
1783055340.8881226,True,1.0,1.0,truth,target_distance_terminal
1783055340.9214644,True,0.9999994039535522,0.9999994039535522,truth,target_distance_terminal
1783055340.9548388,True,0.9999998807907104,0.9999998807907104,truth,target_distance_terminal
1783055340.988217,True,1.0,1.0,truth,target_distance_terminal
1783055341.021767,True,0.9999996423721313,0.9999996423721313,truth,target_distance_terminal
1783055341.0547943,True,0.9999995231628418,0.9999995231628418,truth,target_distance_terminal
1783055341.0881658,True,0.9999979734420776,0.9999979734420776,truth,target_distance_terminal
1783055341.1213338,True,0.9999992847442627,0.9999992847442627,truth,target_distance_terminal
1783055341.1546445,True,0.9999996423721313,0.9999996423721313,truth,target_distance_terminal
1783055341.1883833,True,0.9999996423721313,0.9999996423721313,truth,target_distance_terminal
1783055341.2216032,True,0.9999997615814209,0.9999997615814209,truth,target_distance_terminal
1783055341.2554467,True,0.9999998807907104,0.9999998807907104,truth,target_distance_terminal
1783055341.2887661,True,0.9999997615814209,0.9999997615814209,truth,target_distance_terminal
1783055341.3327198,True,0.9999997615814209,0.9999997615814209,truth,target_distance_terminal
1783055341.355692,True,1.0,1.0,truth,target_distance_terminal
1783055341.3891213,True,1.0,1.0,truth,target_distance_terminal
1783055341.4215407,True,1.0,1.0,truth,target_distance_terminal
1783055341.464715,True,1.0,1.0,truth,target_distance_terminal
1783055341.4881508,True,1.0,1.0,truth,target_distance_terminal
1783055341.522478,True,1.0,1.0,truth,target_distance_terminal
1783055341.5544872,True,0.9999998807907104,0.9999998807907104,truth,target_distance_terminal
1783055341.588036,True,0.9999997615814209,0.9999997615814209,truth,target_distance_terminal
1783055341.6216047,True,0.9999998807907104,0.9999998807907104,truth,target_distance_terminal
1783055341.6549273,True,0.9999998807907104,0.9999998807907104,truth,target_distance_terminal
1783055341.688431,True,1.0,1.0,truth,target_distance_terminal
1783055341.72173,True,1.0,1.0,truth,target_distance_terminal
1783055341.7549336,True,1.0,1.0,truth,target_distance_terminal
1783055341.7878802,True,1.0,1.0,truth,target_distance_terminal
1783055341.8219893,True,1.0,1.0,truth,target_distance_terminal
1783055341.854983,True,1.0,1.0,truth,target_distance_terminal
1783055341.8880887,True,1.0,1.0,truth,target_distance_terminal
1783055341.9212456,True,1.0,1.0,truth,target_distance_terminal
1783055341.9544764,True,1.0,1.0,truth,target_distance_terminal
1783055342.000728,True,0.9999998807907104,0.9999998807907104,truth,target_distance_terminal
1783055342.0211763,True,0.9999991655349731,0.9999991655349731,truth,target_distance_terminal
1783055342.0543032,True,0.9999997615814209,0.9999997615814209,truth,target_distance_terminal
1783055342.088129,True,0.9999991655349731,0.9999991655349731,truth,target_distance_terminal
1783055342.1212869,True,0.9999841451644897,0.9999841451644897,truth,target_distance_terminal
1783055342.1549244,True,0.9999998807907104,0.9999998807907104,truth,target_distance_terminal
1783055342.1881166,True,1.0,1.0,truth,target_distance_terminal
1783055342.2218707,True,1.0,1.0,truth,target_distance_terminal
1783055342.2555192,True,1.0,1.0,truth,target_distance_terminal
1783055342.288369,True,1.0,1.0,truth,target_distance_terminal
1783055342.3217895,True,1.0,1.0,truth,target_distance_terminal
1783055342.3647244,True,1.0,1.0,truth,target_distance_terminal
1783055342.3872614,True,1.0,1.0,truth,target_distance_terminal
1783055342.4209497,True,1.0,1.0,truth,target_distance_terminal
1783055342.4542873,True,1.0,1.0,truth,target_distance_terminal
1783055342.4885664,True,0.9999995231628418,0.9999995231628418,truth,target_distance_terminal
1783055342.5212994,True,0.9999992847442627,0.9999992847442627,truth,target_distance_terminal
1783055342.554352,True,0.9999997615814209,0.9999997615814209,truth,target_distance_terminal
1783055342.5881503,True,0.9999998807907104,0.9999998807907104,truth,target_distance_terminal
1783055342.6217427,True,0.9999998807907104,0.9999998807907104,truth,target_distance_terminal
1783055342.6551793,True,0.9999998807907104,0.9999998807907104,truth,target_distance_terminal
1783055342.6891768,True,0.9999994039535522,0.9999994039535522,truth,target_distance_terminal
1783055342.7213862,True,0.9999986886978149,0.9999986886978149,truth,target_distance_terminal
1783055342.7555022,True,0.9999985694885254,0.9999985694885254,truth,target_distance_terminal
1783055342.8007376,True,0.9999966621398926,0.9999966621398926,truth,target_distance_terminal
1783055342.822475,True,1.0,1.0,truth,target_distance_terminal
1783055342.8547828,True,1.0,1.0,truth,target_distance_terminal
1783055342.889406,True,0.9999991655349731,0.9999991655349731,truth,target_distance_terminal
1783055342.9227216,True,1.0,1.0,truth,target_distance_terminal
1783055342.9549065,True,0.9999998807907104,0.9999998807907104,truth,target_distance_terminal
1783055342.9893858,True,1.0,1.0,truth,target_distance_terminal
1783055343.0232472,True,1.0,1.0,truth,target_distance_terminal
1783055343.0559983,True,1.0,1.0,truth,target_distance_terminal
1783055343.0885096,True,1.0,1.0,truth,target_distance_terminal
1783055343.1210167,True,1.0,1.0,truth,target_distance_terminal
1783055343.1557496,True,1.0,1.0,truth,target_distance_terminal
1783055343.1884038,True,1.0,1.0,truth,target_distance_terminal
1783055343.2217805,True,0.9999998807907104,0.9999998807907104,truth,target_distance_terminal
1783055343.2549436,True,1.0,1.0,truth,target_distance_terminal
1783055343.2883658,True,1.0,1.0,truth,target_distance_terminal
1783055343.32231,True,1.0,1.0,truth,target_distance_terminal
1783055343.3552716,True,0.9999998807907104,0.9999998807907104,truth,target_distance_terminal
1783055343.3879325,True,0.9999998807907104,0.9999998807907104,truth,target_distance_terminal
1783055343.4327214,True,0.9999998807907104,0.9999998807907104,truth,target_distance_terminal
1783055343.455044,True,0.9999998807907104,0.9999998807907104,truth,target_distance_terminal
1783055343.4888332,True,0.9999997615814209,0.9999997615814209,truth,target_distance_terminal
1783055343.5213974,True,1.0,1.0,truth,target_distance_terminal
1783055343.5543258,True,1.0,1.0,truth,target_distance_terminal
1783055343.5879803,True,1.0,1.0,truth,target_distance_terminal
1783055343.62086,True,0.9999997615814209,0.9999997615814209,truth,target_distance_terminal
1783055343.6545386,True,0.9999998807907104,0.9999998807907104,truth,target_distance_terminal
1783055343.6883204,True,0.9999997615814209,0.9999997615814209,truth,target_distance_terminal
1783055343.7204483,True,0.9999997615814209,0.9999997615814209,truth,target_distance_terminal
1783055343.754564,True,0.9999998807907104,0.9999998807907104,truth,target_distance_terminal
1783055343.7879832,True,1.0,1.0,truth,target_distance_terminal
1783055343.8203464,True,0.9999997615814209,0.9999997615814209,truth,target_distance_terminal
1783055343.85445,True,1.0,1.0,truth,target_distance_terminal
1783055343.8880072,True,0.9999998807907104,0.9999998807907104,truth,target_distance_terminal
1783055343.9217374,True,0.9999998807907104,0.9999998807907104,truth,target_distance_terminal
1783055343.9545662,True,1.0,1.0,truth,target_distance_terminal
1783055343.987908,True,0.9999998807907104,0.9999998807907104,truth,target_distance_terminal
1783055344.021024,True,0.9999998807907104,0.9999998807907104,truth,target_distance_terminal
1783055344.0549297,True,0.9999997615814209,0.9999997615814209,truth,target_distance_terminal
1783055344.0884452,True,0.9999998807907104,0.9999998807907104,truth,target_distance_terminal
1783055344.1287212,True,1.0,1.0,truth,target_distance_terminal
1783055344.1546025,True,0.9999998807907104,0.9999998807907104,truth,target_distance_terminal
1783055344.1881366,True,0.9999998807907104,0.9999998807907104,truth,target_distance_terminal
1783055344.221505,True,0.9999998807907104,0.9999998807907104,truth,target_distance_terminal
1783055344.255344,True,0.9999998807907104,0.9999998807907104,truth,target_distance_terminal
1783055344.2885768,True,0.9999998807907104,0.9999998807907104,truth,target_distance_terminal
1783055344.3222506,True,0.9999998807907104,0.9999998807907104,truth,target_distance_terminal
1783055344.354477,True,0.9999998807907104,0.9999998807907104,truth,target_distance_terminal
1783055344.3879602,True,0.9999997615814209,0.9999997615814209,truth,target_distance_terminal
1783055344.4213133,True,0.9999992847442627,0.9999992847442627,truth,target_distance_terminal
1783055344.4647398,True,1.0,1.0,truth,target_distance_terminal
1783055344.488164,True,1.0,1.0,truth,target_distance_terminal
1783055344.5214047,True,1.0,1.0,truth,target_distance_terminal
1783055344.5548847,True,0.9999996423721313,0.9999996423721313,truth,target_distance_terminal
1783055344.5888965,True,0.9999972581863403,0.9999972581863403,truth,target_distance_terminal
1783055344.6213193,True,0.999997615814209,0.999997615814209,truth,target_distance_terminal
1783055344.654499,True,0.9999997615814209,0.9999997615814209,truth,target_distance_terminal
1783055344.6879115,True,0.9999997615814209,0.9999997615814209,truth,target_distance_terminal
1783055344.7219515,True,0.9999992847442627,0.9999992847442627,truth,target_distance_terminal
1783055344.7543066,True,0.9999992847442627,0.9999992847442627,truth,target_distance_terminal
1783055344.7881098,True,0.9999998807907104,0.9999998807907104,truth,target_distance_terminal
1783055344.8221884,True,1.0,1.0,truth,target_distance_terminal
1783055344.8547409,True,1.0,1.0,truth,target_distance_terminal
1783055344.8882537,True,1.0,1.0,truth,target_distance_terminal
1783055344.9287183,True,1.0,1.0,truth,target_distance_terminal
1783055344.9551773,True,1.0,1.0,truth,target_distance_terminal
1783055344.9879973,True,1.0,1.0,truth,target_distance_terminal
1783055345.021007,True,1.0,1.0,truth,target_distance_terminal
1783055345.0545926,True,1.0,1.0,truth,target_distance_terminal
1783055345.0883517,True,1.0,1.0,truth,target_distance_terminal
1783055345.12169,True,1.0,1.0,truth,target_distance_terminal
1783055345.1550214,True,0.9999994039535522,0.9999994039535522,truth,target_distance_terminal
1783055345.1879654,True,1.0,1.0,truth,target_distance_terminal
1783055345.2208655,True,1.0,1.0,truth,target_distance_terminal
1783055345.2548187,True,1.0,1.0,truth,target_distance_terminal
1783055345.2879772,True,1.0,1.0,truth,target_distance_terminal
1783055345.3214533,True,1.0,1.0,truth,target_distance_terminal
1783055345.3544707,True,1.0,1.0,truth,target_distance_terminal
1783055345.3881857,True,1.0,1.0,truth,target_distance_terminal
1783055345.4217474,True,1.0,1.0,truth,target_distance_terminal
1783055345.4544525,True,1.0,1.0,truth,target_distance_terminal
1783055345.4881816,True,1.0,1.0,truth,target_distance_terminal
1783055345.5203524,True,0.9999997615814209,0.9999997615814209,truth,target_distance_terminal
1783055345.5557353,True,0.9999991655349731,0.9999991655349731,truth,target_distance_terminal
1783055345.588834,True,0.9999992847442627,0.9999992847442627,truth,target_distance_terminal
1783055345.6215925,True,0.9999995231628418,0.9999995231628418,truth,target_distance_terminal
1783055345.655435,True,0.9999988079071045,0.9999988079071045,truth,target_distance_terminal
1783055345.6881664,True,0.9999996423721313,0.9999996423721313,truth,target_distance_terminal
1783055345.7205174,True,0.9999998807907104,0.9999998807907104,truth,target_distance_terminal
1783055345.7550943,True,0.9999998807907104,0.9999998807907104,truth,target_distance_terminal
1783055345.7884526,True,1.0,1.0,truth,target_distance_terminal
1783055345.8206208,True,0.9999998807907104,0.9999998807907104,truth,target_distance_terminal
1783055345.854981,True,0.9999998807907104,0.9999998807907104,truth,target_distance_terminal
1783055345.8967216,True,0.9999998807907104,0.9999998807907104,truth,target_distance_terminal
1783055345.921404,True,0.9999998807907104,0.9999998807907104,truth,target_distance_terminal
1783055345.9540167,True,1.0,1.0,truth,target_distance_terminal
1783055345.9880047,True,1.0,1.0,truth,target_distance_terminal
1783055346.0287325,True,1.0,1.0,truth,target_distance_terminal
1783055346.0545018,True,1.0,1.0,truth,target_distance_terminal
1783055346.0881872,True,0.9999997615814209,0.9999997615814209,truth,target_distance_terminal
1783055346.1215968,True,0.9999997615814209,0.9999997615814209,truth,target_distance_terminal
1783055346.1553905,True,1.0,1.0,truth,target_distance_terminal
1783055346.1890705,True,0.9999998807907104,0.9999998807907104,truth,target_distance_terminal
1783055346.2216842,True,0.9999997615814209,0.9999997615814209,truth,target_distance_terminal
1783055346.2545679,True,0.9999994039535522,0.9999994039535522,truth,target_distance_terminal
1783055346.2880118,True,0.9999997615814209,0.9999997615814209,truth,target_distance_terminal
1783055346.3216443,True,0.9999992847442627,0.9999992847442627,truth,target_distance_terminal
1783055346.3543735,True,0.9999978542327881,0.9999978542327881,truth,target_distance_terminal
1783055346.3880053,True,0.9999983310699463,0.9999983310699463,truth,target_distance_terminal
1783055346.4212382,True,1.0,1.0,truth,target_distance_terminal
1783055346.4552824,True,1.0,1.0,truth,target_distance_terminal
1783055346.487962,True,1.0,1.0,truth,target_distance_terminal
1783055346.520781,True,0.9999996423721313,0.9999996423721313,truth,target_distance_terminal
1783055346.5544262,True,1.0,1.0,truth,target_distance_terminal
1783055346.5882955,True,1.0,1.0,truth,target_distance_terminal
1783055346.6209493,True,1.0,1.0,truth,target_distance_terminal
1783055346.6557612,True,1.0,1.0,truth,target_distance_terminal
1783055346.6885257,True,1.0,1.0,truth,target_distance_terminal
1783055346.7213745,True,0.9999998807907104,0.9999998807907104,truth,target_distance_terminal
1783055346.7543314,True,1.0,1.0,truth,target_distance_terminal
1783055346.7881808,True,0.9999998807907104,0.9999998807907104,truth,target_distance_terminal
1783055346.8212292,True,0.9999998807907104,0.9999998807907104,truth,target_distance_terminal
1783055346.8687255,True,1.0,1.0,truth,target_distance_terminal
1783055346.8890746,True,1.0,1.0,truth,target_distance_terminal
1783055346.920453,True,1.0,1.0,truth,target_distance_terminal
1783055346.9551334,True,1.0,1.0,truth,target_distance_terminal
1783055346.9886231,True,1.0,1.0,truth,target_distance_terminal
1783055347.021988,True,0.9999992847442627,0.9999992847442627,truth,target_distance_terminal
1783055347.0553353,True,0.9999998807907104,0.9999998807907104,truth,target_distance_terminal
1783055347.0873444,True,1.0,1.0,truth,target_distance_terminal
1783055347.122131,True,0.9999998807907104,0.9999998807907104,truth,target_distance_terminal
1783055347.1549346,True,1.0,1.0,truth,target_distance_terminal
1783055347.1885357,True,0.9999998807907104,0.9999998807907104,truth,target_distance_terminal
1783055347.2220054,True,0.9999873638153076,0.9999873638153076,truth,target_distance_terminal
1783055347.2555518,True,0.9999985694885254,0.9999985694885254,truth,target_distance_terminal
1783055347.2884154,True,0.9999998807907104,0.9999998807907104,truth,target_distance_terminal
1783055347.3212526,True,1.0,1.0,truth,target_distance_terminal
1783055347.355683,True,1.0,1.0,truth,target_distance_terminal
1783055347.3881617,True,0.9999997615814209,0.9999997615814209,truth,target_distance_terminal
1783055347.421337,True,1.0,1.0,truth,target_distance_terminal
1783055347.4547234,True,0.9999998807907104,0.9999998807907104,truth,target_distance_terminal
1783055347.4881508,True,0.9999998807907104,0.9999998807907104,truth,target_distance_terminal
1783055347.5211918,True,0.9999998807907104,0.9999998807907104,truth,target_distance_terminal
1783055347.5687454,True,0.9999873638153076,0.9999873638153076,truth,target_distance_terminal
1783055347.5882673,True,0.9999986886978149,0.9999986886978149,truth,target_distance_terminal
1783055347.6205177,True,0.9999998807907104,0.9999998807907104,truth,target_distance_terminal
1783055347.6544662,True,0.9999990463256836,0.9999990463256836,truth,target_distance_terminal
1783055347.688086,True,0.9999997615814209,0.9999997615814209,truth,target_distance_terminal
1783055347.7214236,True,0.9999998807907104,0.9999998807907104,truth,target_distance_terminal
1783055347.755074,True,1.0,1.0,truth,target_distance_terminal
1783055347.7894413,True,0.9999998807907104,0.9999998807907104,truth,target_distance_terminal
1783055347.8212667,True,0.9999998807907104,0.9999998807907104,truth,target_distance_terminal
1783055347.8554916,True,0.9999998807907104,0.9999998807907104,truth,target_distance_terminal
1783055347.8880188,True,0.9999978542327881,0.9999978542327881,truth,target_distance_terminal
1783055347.9211876,True,0.9999997615814209,0.9999997615814209,truth,target_distance_terminal
1783055347.9543788,True,0.9999988079071045,0.9999988079071045,truth,target_distance_terminal
1783055347.9890509,True,0.9999977350234985,0.9999977350234985,truth,target_distance_terminal
1783055348.0211685,True,0.9999994039535522,0.9999994039535522,truth,target_distance_terminal
1783055348.055418,True,0.9999997615814209,0.9999997615814209,truth,target_distance_terminal
1783055348.0879169,True,0.9999998807907104,0.9999998807907104,truth,target_distance_terminal
1783055348.1218998,True,0.9999998807907104,0.9999998807907104,truth,target_distance_terminal
1783055348.154396,True,0.9999984502792358,0.9999984502792358,truth,target_distance_terminal
1783055348.1880167,True,0.9999995231628418,0.9999995231628418,truth,target_distance_terminal
1783055348.2219994,True,0.9999997615814209,0.9999997615814209,truth,target_distance_terminal
1783055348.2555664,True,1.0,1.0,truth,target_distance_terminal
1783055348.2893326,True,1.0,1.0,truth,target_distance_terminal
1783055348.3202567,True,1.0,1.0,truth,target_distance_terminal
1783055348.354895,True,1.0,1.0,truth,target_distance_terminal
1783055348.3883686,True,1.0,1.0,truth,target_distance_terminal
1783055348.421921,True,1.0,1.0,truth,target_distance_terminal
1783055348.4545755,True,1.0,1.0,truth,target_distance_terminal
1783055348.4884236,True,0.9999998807907104,0.9999998807907104,truth,target_distance_terminal
1783055348.5219815,True,1.0,1.0,truth,target_distance_terminal
1783055348.555566,True,1.0,1.0,truth,target_distance_terminal
1783055348.5894387,True,1.0,1.0,truth,target_distance_terminal
1783055348.6217399,True,1.0,1.0,truth,target_distance_terminal
1783055348.6544843,True,0.9999997615814209,0.9999997615814209,truth,target_distance_terminal
1783055348.6897511,True,0.9999998807907104,0.9999998807907104,truth,target_distance_terminal
1783055348.7215686,True,1.0,1.0,truth,target_distance_terminal
1783055348.755509,True,0.9999998807907104,0.9999998807907104,truth,target_distance_terminal
1783055348.7882998,True,0.9999997615814209,0.9999997615814209,truth,target_distance_terminal
1783055348.8221278,True,0.9999990463256836,0.9999990463256836,truth,target_distance_terminal
1783055348.8555684,True,0.9999929666519165,0.9999929666519165,truth,target_distance_terminal
1783055348.8882875,True,0.9999978542327881,0.9999978542327881,truth,target_distance_terminal
1783055348.9213228,True,0.9999961853027344,0.9999961853027344,truth,target_distance_terminal
1783055348.9687138,True,0.9999464750289917,0.9999464750289917,truth,target_distance_terminal
1783055348.9886603,True,0.9999991655349731,0.9999991655349731,truth,target_distance_terminal
1783055349.0215042,True,0.9999995231628418,0.9999995231628418,truth,target_distance_terminal
1783055349.055754,True,0.9999994039535522,0.9999994039535522,truth,target_distance_terminal
1783055349.088489,True,0.9999998807907104,0.9999998807907104,truth,target_distance_terminal
1783055349.121634,True,1.0,1.0,truth,target_distance_terminal
1783055349.1545825,True,1.0,1.0,truth,target_distance_terminal
1783055349.1889403,True,0.9999998807907104,0.9999998807907104,truth,target_distance_terminal
1783055349.2214983,True,0.9999998807907104,0.9999998807907104,truth,target_distance_terminal
1783055349.2547863,True,0.9999998807907104,0.9999998807907104,truth,target_distance_terminal
1783055349.28867,True,1.0,1.0,truth,target_distance_terminal
1783055349.321317,True,0.9999998807907104,0.9999998807907104,truth,target_distance_terminal
1783055349.3543658,True,0.9999996423721313,0.9999996423721313,truth,target_distance_terminal
1783055349.3967202,True,0.9999996423721313,0.9999996423721313,truth,target_distance_terminal
1783055349.4216163,True,0.9999991655349731,0.9999991655349731,truth,target_distance_terminal
1783055349.4562917,True,0.9999969005584717,0.9999969005584717,truth,target_distance_terminal
1783055349.4895818,True,0.9999980926513672,0.9999980926513672,truth,target_distance_terminal
1783055349.5210867,True,0.9999985694885254,0.9999985694885254,truth,target_distance_terminal
1783055349.5542405,True,0.9999994039535522,0.9999994039535522,truth,target_distance_terminal
1783055349.588778,True,0.9999997615814209,0.9999997615814209,truth,target_distance_terminal
1783055349.6215043,True,0.9999998807907104,0.9999998807907104,truth,target_distance_terminal
1783055349.6553261,True,0.9999998807907104,0.9999998807907104,truth,target_distance_terminal
1783055349.6878219,True,0.9999997615814209,0.9999997615814209,truth,target_distance_terminal
1783055349.721568,True,0.9999997615814209,0.9999997615814209,truth,target_distance_terminal
1783055349.7552943,True,0.9999998807907104,0.9999998807907104,truth,target_distance_terminal
1783055349.788365,True,1.0,1.0,truth,target_distance_terminal
1783055349.828157,True,0.9999998807907104,0.9999998807907104,truth,target_distance_terminal
1783055349.854894,True,1.0,1.0,truth,target_distance_terminal
1783055349.888448,True,1.0,1.0,truth,target_distance_terminal
1783055349.921901,True,1.0,1.0,truth,target_distance_terminal
1783055349.9559486,True,0.9999998807907104,0.9999998807907104,truth,target_distance_terminal
1783055349.9884377,True,0.9999998807907104,0.9999998807907104,truth,target_distance_terminal
1783055350.024723,True,0.9999997615814209,0.9999997615814209,truth,target_distance_terminal
1783055350.0553555,True,0.9999997615814209,0.9999997615814209,truth,target_distance_terminal
1783055350.0881417,True,0.9999998807907104,0.9999998807907104,truth,target_distance_terminal
1783055350.1213682,True,0.9999998807907104,0.9999998807907104,truth,target_distance_terminal
1783055350.1647313,True,0.9999998807907104,0.9999998807907104,truth,target_distance_terminal
1783055350.1883323,True,0.9999997615814209,0.9999997615814209,truth,target_distance_terminal
1783055350.221963,True,0.9999998807907104,0.9999998807907104,truth,target_distance_terminal
1783055350.2551901,True,0.9999997615814209,0.9999997615814209,truth,target_distance_terminal
1783055350.2884347,True,0.9999997615814209,0.9999997615814209,truth,target_distance_terminal
1783055350.3218842,True,0.9999973773956299,0.9999973773956299,truth,target_distance_terminal
1783055350.3555958,True,0.9999961853027344,0.9999961853027344,truth,target_distance_terminal
1783055350.3887072,True,0.999998927116394,0.999998927116394,truth,target_distance_terminal
1783055350.420464,True,0.9999986886978149,0.9999986886978149,truth,target_distance_terminal
1783055350.4551747,True,0.9999990463256836,0.9999990463256836,truth,target_distance_terminal
1783055350.4884515,True,0.9999992847442627,0.9999992847442627,truth,target_distance_terminal
1783055350.52093,True,0.9999979734420776,0.9999979734420776,truth,target_distance_terminal
1783055350.554246,True,0.9999988079071045,0.9999988079071045,truth,target_distance_terminal
1783055350.587911,True,0.9999967813491821,0.9999967813491821,truth,target_distance_terminal
1783055350.6224222,True,0.9999949932098389,0.9999949932098389,truth,target_distance_terminal
1783055350.654454,True,0.9999996423721313,0.9999996423721313,truth,target_distance_terminal
1783055350.6882255,True,0.9999998807907104,0.9999998807907104,truth,target_distance_terminal
1783055350.7207255,True,0.9999997615814209,0.9999997615814209,truth,target_distance_terminal
1783055350.75439,True,0.9999996423721313,0.9999996423721313,truth,target_distance_terminal
1783055350.7894454,True,0.9999977350234985,0.9999977350234985,truth,target_distance_terminal
1783055350.8327265,True,0.9999995231628418,0.9999995231628418,truth,target_distance_terminal
1783055350.8543897,True,0.9999979734420776,0.9999979734420776,truth,target_distance_terminal
1783055350.88816,True,0.9999990463256836,0.9999990463256836,truth,target_distance_terminal
1783055350.921257,True,0.9999996423721313,0.9999996423721313,truth,target_distance_terminal
1783055350.9543214,True,0.9999996423721313,0.9999996423721313,truth,target_distance_terminal
1783055350.9888785,True,0.9999994039535522,0.9999994039535522,truth,target_distance_terminal
1783055351.036723,True,0.9999996423721313,0.9999996423721313,truth,target_distance_terminal
1783055351.0546713,True,0.9999996423721313,0.9999996423721313,truth,target_distance_terminal
1783055351.0883296,True,0.9999998807907104,0.9999998807907104,truth,target_distance_terminal
1783055351.121698,True,0.9999994039535522,0.9999994039535522,truth,target_distance_terminal
1783055351.155936,True,0.9999996423721313,0.9999996423721313,truth,target_distance_terminal
1783055351.1896298,True,0.9999997615814209,0.9999997615814209,truth,target_distance_terminal
1783055351.2209961,True,0.9999997615814209,0.9999997615814209,truth,target_distance_terminal
1783055351.2587662,True,0.9999996423721313,0.9999996423721313,truth,target_distance_terminal
1783055351.2877285,True,0.9999997615814209,0.9999997615814209,truth,target_distance_terminal
1783055351.3206139,True,1.0,1.0,truth,target_distance_terminal
1783055351.354376,True,0.9999992847442627,0.9999992847442627,truth,target_distance_terminal
1783055351.3888857,True,0.9999998807907104,0.9999998807907104,truth,target_distance_terminal
1783055351.422261,True,0.9999979734420776,0.9999979734420776,truth,target_distance_terminal
1783055351.45546,True,1.0,1.0,truth,target_distance_terminal
1783055351.4886312,True,1.0,1.0,truth,target_distance_terminal
1783055351.5209498,True,0.9999996423721313,0.9999996423721313,truth,target_distance_terminal
1783055351.5550177,True,0.9999997615814209,0.9999997615814209,truth,target_distance_terminal
1783055351.5892076,True,1.0,1.0,truth,target_distance_terminal
1783055351.6207457,True,1.0,1.0,truth,target_distance_terminal
1783055351.654828,True,1.0,1.0,truth,target_distance_terminal
1783055351.689028,True,0.9999998807907104,0.9999998807907104,truth,target_distance_terminal
1783055351.722299,True,0.9999998807907104,0.9999998807907104,truth,target_distance_terminal
1783055351.7543597,True,1.0,1.0,truth,target_distance_terminal
1783055351.788962,True,1.0,1.0,truth,target_distance_terminal
1783055351.8222299,True,1.0,1.0,truth,target_distance_terminal
1783055351.8550293,True,0.9999997615814209,0.9999997615814209,truth,target_distance_terminal
1783055351.8893142,True,1.0,1.0,truth,target_distance_terminal
1783055351.9220028,True,1.0,1.0,truth,target_distance_terminal
1783055351.955328,True,1.0,1.0,truth,target_distance_terminal
1783055351.9885592,True,1.0,1.0,truth,target_distance_terminal
1783055352.023159,True,1.0,1.0,truth,target_distance_terminal
1783055352.0550365,True,0.9999998807907104,0.9999998807907104,truth,target_distance_terminal
1783055352.089446,True,1.0,1.0,truth,target_distance_terminal
1783055352.121701,True,0.9999994039535522,0.9999994039535522,truth,target_distance_terminal
1783055352.1546898,True,1.0,1.0,truth,target_distance_terminal
1783055352.18765,True,1.0,1.0,truth,target_distance_terminal
1783055352.2218373,True,1.0,1.0,truth,target_distance_terminal
1783055352.2544422,True,1.0,1.0,truth,target_distance_terminal
1783055352.2877755,True,1.0,1.0,truth,target_distance_terminal
1783055352.3216217,True,1.0,1.0,truth,target_distance_terminal
1783055352.3556426,True,1.0,1.0,truth,target_distance_terminal
1783055352.388693,True,1.0,1.0,truth,target_distance_terminal
1783055352.4217026,True,1.0,1.0,truth,target_distance_terminal
1783055352.4551678,True,1.0,1.0,truth,target_distance_terminal
1783055352.4884038,True,1.0,1.0,truth,target_distance_terminal
1783055352.5204003,True,0.9999996423721313,0.9999996423721313,truth,target_distance_terminal
1783055352.554645,True,0.9999997615814209,0.9999997615814209,truth,target_distance_terminal
1783055352.5871263,True,1.0,1.0,truth,target_distance_terminal
1783055352.621687,True,1.0,1.0,truth,target_distance_terminal
1783055352.654732,True,0.9999998807907104,0.9999998807907104,truth,target_distance_terminal
1783055352.687856,True,0.9999998807907104,0.9999998807907104,truth,target_distance_terminal
1783055352.7216923,True,0.9999998807907104,0.9999998807907104,truth,target_distance_terminal
1783055352.7548199,True,0.9999997615814209,0.9999997615814209,truth,target_distance_terminal
1783055352.796769,True,0.9999997615814209,0.9999997615814209,truth,target_distance_terminal
1783055352.822004,True,0.9999996423721313,0.9999996423721313,truth,target_distance_terminal
1783055352.8551667,True,0.9999994039535522,0.9999994039535522,truth,target_distance_terminal
1783055352.888373,True,0.9999991655349731,0.9999991655349731,truth,target_distance_terminal
1783055352.9223797,True,0.9999986886978149,0.9999986886978149,truth,target_distance_terminal
1783055352.9555192,True,0.9999990463256836,0.9999990463256836,truth,target_distance_terminal
1783055352.9885035,True,0.9999995231628418,0.9999995231628418,truth,target_distance_terminal
1783055353.0208607,True,0.9999997615814209,0.9999997615814209,truth,target_distance_terminal
1783055353.0552545,True,0.9999997615814209,0.9999997615814209,truth,target_distance_terminal
1783055353.0882146,True,0.9999998807907104,0.9999998807907104,truth,target_distance_terminal
1783055353.1202295,True,1.0,1.0,truth,target_distance_terminal
1783055353.155147,True,1.0,1.0,truth,target_distance_terminal
1783055353.1886497,True,1.0,1.0,truth,target_distance_terminal
1783055353.2203271,True,0.9999998807907104,0.9999998807907104,truth,target_distance_terminal
1783055353.2545438,True,1.0,1.0,truth,target_distance_terminal
1783055353.287777,True,1.0,1.0,truth,target_distance_terminal
1783055353.3204613,True,1.0,1.0,truth,target_distance_terminal
1783055353.3537896,True,1.0,1.0,truth,target_distance_terminal
1783055353.397061,True,1.0,1.0,truth,target_distance_terminal
1783055353.420472,True,1.0,1.0,truth,target_distance_terminal
1783055353.4551344,True,0.9999992847442627,0.9999992847442627,truth,target_distance_terminal
1783055353.488271,True,0.9999959468841553,0.9999959468841553,truth,target_distance_terminal
1783055353.5215795,True,0.9999984502792358,0.9999984502792358,truth,target_distance_terminal
1783055353.5547588,True,0.9999998807907104,0.9999998807907104,truth,target_distance_terminal
1783055353.588579,True,1.0,1.0,truth,target_distance_terminal
1783055353.6218562,True,1.0,1.0,truth,target_distance_terminal
1783055353.654432,True,1.0,1.0,truth,target_distance_terminal
1783055353.6889782,True,1.0,1.0,truth,target_distance_terminal
1783055353.7205858,True,0.9999998807907104,0.9999998807907104,truth,target_distance_terminal
1783055353.7550194,True,1.0,1.0,truth,target_distance_terminal
1783055353.7881567,True,0.9999998807907104,0.9999998807907104,truth,target_distance_terminal
1783055353.8205838,True,0.9999991655349731,0.9999991655349731,truth,target_distance_terminal
1783055353.8607392,True,0.9999995231628418,0.9999995231628418,truth,target_distance_terminal
1783055353.8887544,True,0.9999997615814209,0.9999997615814209,truth,target_distance_terminal
1783055353.9327247,True,0.9999998807907104,0.9999998807907104,truth,target_distance_terminal
1783055353.9555268,True,0.9999998807907104,0.9999998807907104,truth,target_distance_terminal
1783055353.9888518,True,1.0,1.0,truth,target_distance_terminal
1783055354.0213675,True,1.0,1.0,truth,target_distance_terminal
1783055354.0555782,True,0.9999998807907104,0.9999998807907104,truth,target_distance_terminal
1783055354.0888188,True,0.9999991655349731,0.9999991655349731,truth,target_distance_terminal
1783055354.120338,True,0.9999992847442627,0.9999992847442627,truth,target_distance_terminal
1783055354.1552217,True,0.999998927116394,0.999998927116394,truth,target_distance_terminal
1783055354.2007258,True,0.9999995231628418,0.9999995231628418,truth,target_distance_terminal
1783055354.2210271,True,0.9999996423721313,0.9999996423721313,truth,target_distance_terminal
1783055354.25442,True,0.9999992847442627,0.9999992847442627,truth,target_distance_terminal
1783055354.288169,True,0.9999994039535522,0.9999994039535522,truth,target_distance_terminal
1783055354.3212767,True,0.9999991655349731,0.9999991655349731,truth,target_distance_terminal
1783055354.3543417,True,0.9999998807907104,0.9999998807907104,truth,target_distance_terminal
1783055354.3893814,True,1.0,1.0,truth,target_distance_terminal
1783055354.4219632,True,0.9999998807907104,0.9999998807907104,truth,target_distance_terminal
1783055354.4552195,True,1.0,1.0,truth,target_distance_terminal
1783055354.4886522,True,1.0,1.0,truth,target_distance_terminal
1783055354.5204935,True,1.0,1.0,truth,target_distance_terminal
1783055354.5548327,True,1.0,1.0,truth,target_distance_terminal
1783055354.5886457,True,0.9999998807907104,0.9999998807907104,truth,target_distance_terminal
1783055354.621066,True,0.999998927116394,0.999998927116394,truth,target_distance_terminal
1783055354.6554894,True,0.9999996423721313,0.9999996423721313,truth,target_distance_terminal
1783055354.6888628,True,0.9999998807907104,0.9999998807907104,truth,target_distance_terminal
1783055354.7204955,True,1.0,1.0,truth,target_distance_terminal
1783055354.7536452,True,1.0,1.0,truth,target_distance_terminal
1783055354.7897606,True,1.0,1.0,truth,target_distance_terminal
1783055354.822842,True,1.0,1.0,truth,target_distance_terminal
1783055354.8557327,True,0.9999998807907104,0.9999998807907104,truth,target_distance_terminal
1783055354.8883038,True,1.0,1.0,truth,target_distance_terminal
1783055354.921706,True,0.9999998807907104,0.9999998807907104,truth,target_distance_terminal
1783055354.955004,True,1.0,1.0,truth,target_distance_terminal
1783055354.9886558,True,1.0,1.0,truth,target_distance_terminal
1783055355.0210502,True,1.0,1.0,truth,target_distance_terminal
1783055355.0543437,True,1.0,1.0,truth,target_distance_terminal
1783055355.0885053,True,1.0,1.0,truth,target_distance_terminal
1783055355.122003,True,0.9999979734420776,0.9999979734420776,truth,target_distance_terminal
1783055355.1550877,True,0.9999958276748657,0.9999958276748657,truth,target_distance_terminal
1783055355.1890538,True,0.9999980926513672,0.9999980926513672,truth,target_distance_terminal
1783055355.2327244,True,0.9999998807907104,0.9999998807907104,truth,target_distance_terminal
1783055355.2554624,True,1.0,1.0,truth,target_distance_terminal
1783055355.288175,True,1.0,1.0,truth,target_distance_terminal
1783055355.320971,True,1.0,1.0,truth,target_distance_terminal
1783055355.3559206,True,1.0,1.0,truth,target_distance_terminal
1783055355.389105,True,0.9999998807907104,0.9999998807907104,truth,target_distance_terminal
1783055355.4211197,True,0.9999998807907104,0.9999998807907104,truth,target_distance_terminal
1783055355.453721,True,0.9999998807907104,0.9999998807907104,truth,target_distance_terminal
1783055355.4875782,True,1.0,1.0,truth,target_distance_terminal
1783055355.521425,True,1.0,1.0,truth,target_distance_terminal
1783055355.556046,True,1.0,1.0,truth,target_distance_terminal
1783055355.5878437,True,1.0,1.0,truth,target_distance_terminal
1783055355.6227086,True,1.0,1.0,truth,target_distance_terminal
1783055355.6545312,True,1.0,1.0,truth,target_distance_terminal
1783055355.6881013,True,1.0,1.0,truth,target_distance_terminal
1783055355.721826,True,1.0,1.0,truth,target_distance_terminal
1783055355.7545855,True,1.0,1.0,truth,target_distance_terminal
1783055355.7883306,True,1.0,1.0,truth,target_distance_terminal
1783055355.8287272,True,1.0,1.0,truth,target_distance_terminal
1783055355.8545735,True,1.0,1.0,truth,target_distance_terminal
1783055355.8905923,True,0.9999998807907104,0.9999998807907104,truth,target_distance_terminal
1783055355.9221482,True,0.9999998807907104,0.9999998807907104,truth,target_distance_terminal
1783055355.9547246,True,0.9999998807907104,0.9999998807907104,truth,target_distance_terminal
1783055355.988554,True,0.9999998807907104,0.9999998807907104,truth,target_distance_terminal
1783055356.0212042,True,0.9999998807907104,0.9999998807907104,truth,target_distance_terminal
1783055356.0537593,True,1.0,1.0,truth,target_distance_terminal
1783055356.0878136,True,1.0,1.0,truth,target_distance_terminal
1783055356.1217155,True,1.0,1.0,truth,target_distance_terminal
1783055356.1647236,True,0.9999998807907104,0.9999998807907104,truth,target_distance_terminal
1783055356.1892092,True,0.9999998807907104,0.9999998807907104,truth,target_distance_terminal
1783055356.2204425,True,0.9999997615814209,0.9999997615814209,truth,target_distance_terminal
1783055356.2545075,True,0.9999997615814209,0.9999997615814209,truth,target_distance_terminal
1783055356.2885513,True,0.9999998807907104,0.9999998807907104,truth,target_distance_terminal
1783055356.3218057,True,0.9999997615814209,0.9999997615814209,truth,target_distance_terminal
1783055356.3647244,True,0.9999998807907104,0.9999998807907104,truth,target_distance_terminal
1783055356.3892496,True,0.9999997615814209,0.9999997615814209,truth,target_distance_terminal
