t,x,y,z,vx,vy,vz,ax,ay,az,yaw,yaw_dot
11.325559139251709,3.897521499870576e-06,-6.79908841341239e-07,2.0080022217016276,0.0005833350002918931,-0.00010173389160960461,0.00034516022099607757,0.05807512406732026,-0.010122953703843642,0.03431241246732548,-0.031415926535897754,-1.5707963267948966
11.345538139343262,3.0973686410165045e-05,-5.398963533996002e-06,2.008018214270206,0.002312723719391968,-0.00040291102210895924,0.0013644368760768802,0.11460806163951419,-0.019944838500969318,0.06741471336349773,-0.06283185307179551,-1.5707963267948966
11.36548113822937,2.682089763258426e-05,-4.6857294678024e-06,2.0080013973239743,0.0028403863357709374,-0.0004985269715801924,0.0011761438903483234,0.16789658722931433,-0.029687886699515668,0.09809074759969127,-0.09424777960769326,-1.5707963267948966
11.385375499725342,4.6208700316475053e-05,-7.836441542007668e-06,2.007927664711969,0.004162407882565695,-0.0007338160816213676,-0.00015180357728385478,0.21833756166311205,-0.03968459398109976,0.1274206007456767,-0.12566370614359101,-1.5707963267948966
11.40538501739502,0.0001764175847903894,-3.1099926429816916e-05,2.007952013327803,0.009021989520587758,-0.0016247762012680132,0.0026807867470478573,0.267390495000555,-0.049357790390815705,0.15565728655543296,-0.14259904282982028,-0.8467668343114632
11.426644325256348,0.0001530778811619991,-2.360450136743144e-05,2.0077947218066656,0.008228812436008181,-0.0014091713309794698,0.00018906759047638858,0.3130290951534952,-0.05829093465410191,0.18204771807645828,-0.1333363669280212,0.4631337950899539
11.44548511505127,0.00038323864015162446,-6.402737931989101e-05,2.007836620331205,0.014935139632635723,-0.002661943105402682,0.004085309678627273,0.35739217319951994,-0.06693897728147497,0.20740536337459375,-0.13964112954954855,-0.31523813107636744
11.465470552444458,0.0003735398090949915,-5.4271372403479394e-05,2.0077565185586423,0.013819008740491093,-0.002030995334781196,0.0024150326986484847,0.39360284039663673,-0.0454447064315345,0.23055287897834573,-0.11487558479794746,1.2382772375800544
11.485384941101074,0.0007792811994939362,-0.00011099454554001938,2.007670551831112,0.02069826127620231,-0.002654674245214076,0.0016305988489540243,0.4323263364301916,-0.031197023444012907,0.25343638476800784,-0.10457370867324789,0.5150938062349786
11.50555968284607,0.001282242644222653,-0.00016940031264154015,2.0077553297771575,0.02972359186379655,-0.0031399226652612,0.006920354173780932,0.47003910382154723,-0.017402997412858445,0.27538409240219036,-0.08735293281721068,0.8610387928018604
11.525508165359497,0.0014495563251452853,-0.00020857405072767423,2.0074188853018984,0.030387139830211143,-0.0035056635445718854,-0.0020856005612119575,0.5040462045176892,-0.01110728553337673,0.3063205280460065,-0.09841907800701488,-0.55330725949021
11.545354127883911,0.002160329996926492,-0.0002804987848485272,2.0074404356301367,0.04080055486709406,-0.0036664711620307744,0.004339482201522433,0.5371446127352755,-0.005005637321454112,0.33597542655360135,-0.07538036700515649,1.1519355500929196
11.56552004814148,0.00329079648918287,-0.0004698868277877123,2.0070559116857734,0.04999296512745901,-0.005496620091096169,0.0014775716810233443,0.5772516187802516,0.0004546334173378445,0.35899153270980355,-0.09573213420922855,-1.0175883602036029
11.585377931594849,0.0044087209811996516,-0.0005793727157369418,2.0071587433052756,0.0619292508860775,-0.005434328967863296,0.008878814642101069,0.6161818700987706,0.005746586276476997,0.38095905582682255,-0.07388364516441781,1.0924244522405369
11.605454444885254,0.00558762424544511,-0.0007327566650593931,2.007260618903298,0.0699824322721609,-0.006420418780451284,0.012759198777876807,0.6512767237461548,0.008270156425903483,0.3954530911979428,-0.08001433992036766,-0.3065347377974925
11.625575065612793,0.0071198148170764815,-0.000859346648685261,2.007595821693436,0.08335007465534731,-0.006230425739936379,0.020806859823069856,0.6853118432672527,0.010716324535647359,0.40918712267511553,-0.06445729145154333,0.7778524234412165
11.645520687103271,0.007879225698380902,-0.000944908188935686,2.007750206820263,0.08743922704100997,-0.006820841636083752,0.02292338344522538,0.7170855632212177,0.006889468958317205,0.4216619612278578,-0.06905875546573537,-0.2300732007096018
11.6659414768219,0.010718628650187252,-0.0011647681487990072,2.0086017829377982,0.10615496060726351,-0.007158717888185847,0.03509462827280216,0.7379645274239973,0.002172691889129001,0.43576711407363017,-0.059117178322260155,0.49707885717376055
11.685516119003296,0.012990680728732149,-0.0013078122249491214,2.0093917302132867,0.12111771554767706,-0.007160733823420965,0.043944517178998034,0.7582051287481244,-0.0023405794155661186,0.4490926462723774,-0.05271473308768515,0.32012226172875025
11.705444097518921,0.01417902079237314,-0.0013906975109530119,2.0098941201811886,0.12724283294429786,-0.00760014371142696,0.04982779983381116,0.7794724441964803,-0.015884953565546995,0.4579564019903806,-0.05383089456400647,-0.055808073816066006
11.725525617599487,0.01688115247577226,-0.0015467596261892532,2.0109828283132662,0.14303874470135278,-0.00804983725050699,0.059070558596841224,0.7999953779253897,-0.029015859096629376,0.46622009510836954,-0.050582744836043414,0.16240748639815283
11.745551586151123,0.01984903680708807,-0.0016997633470468001,2.01241136186966,0.1579705971742495,-0.00827120992300692,0.07249380108494347,0.8169469593416366,-0.03791501621521057,0.47559140500041014,-0.0472762925722745,0.16532261318844554
11.765580892562866,0.02317293731948942,-0.0018733502305572742,2.0139569488340454,0.17447390074661648,-0.009116237228991377,0.08209399730501431,0.8332810824086043,-0.0465427032819416,0.4843221250349438,-0.047455973535555085,-0.00898404816402909
11.785490989685059,0.024953949837241373,-0.00193712370672951,2.014936230585467,0.1828466574199834,-0.008666009212454294,0.09084198621599737,0.8495108554386057,-0.03924489901967286,0.4896033553760043,-0.042996585724238034,0.22296939056585252
11.805413246154785,0.03295800988213408,-0.002271804955663556,2.0191682897505387,0.2173664837767193,-0.009146555197131036,0.11563202601795254,0.8691896875497075,-0.030019546277277504,0.4918128439088685,-0.03846340864189912,0.22665885411694564
11.825511932373047,0.03748045372504524,-0.0024601377559604113,2.021579418129789,0.23494112091224045,-0.009656826404482708,0.12548671236746595,0.8881559428291714,-0.021049971298400198,0.4935830818607347,-0.03790934464908391,0.027703199640760623
11.845470428466797,0.039907488412798446,-0.0025518206536918045,2.0229949685573265,0.24494856458000286,-0.009652890641339652,0.1343157293826101,0.9060760585483048,-0.010554001247276453,0.495875733071059,-0.03637038659212477,0.07694790284795694
11.865473508834839,0.044988835099529764,-0.0027463055470326988,2.0257805885329376,0.2632435421582945,-0.009761677865415168,0.14425240639075151,0.9233076128606993,-0.00037769182564744347,0.4977172992078331,-0.034331563314601965,0.10194116387614027
11.885517597198486,0.04769415727755452,-0.0028660688020879853,2.027377350830868,0.27339449809988936,-0.010385343110830999,0.15291555150499853,0.9384508618187513,0.004226439021172596,0.4975191128373372,-0.035301395084779585,-0.04849158850888102
11.905425310134888,0.056341667219769694,-0.003213368166160351,2.0323118573946912,0.30235775036587526,-0.011287367595876776,0.17133994047411757,0.9526053159885582,0.009233660892887675,0.4963739826954226,-0.03461453075718257,0.034343216379850716
11.925445795059204,0.06258025606295446,-0.0034369413721802517,2.0358378371142933,0.321546261765479,-0.01105368836486634,0.1812530471065475,0.9661437848750334,0.01411307630100446,0.4948787533916353,-0.031923103614446724,0.13457135713679236
11.945513486862183,0.06926101834036029,-0.0037023113012422623,2.0397365985411393,0.34240413745576664,-0.011855789875660374,0.19546693050588865,0.9775335298494651,0.022052168012257838,0.4933479652805322,-0.032323853749548714,-0.02003750675509952
11.9656400680542,0.07630533956105094,-0.003934499600136615,2.043744487422819,0.3620641168873803,-0.01133738891810762,0.20531570610370697,0.9883733262872465,0.029747543785554942,0.49147258172779745,-0.029211233181249963,0.1556310284149376
11.985476970672607,0.0800197744863473,-0.004071893321180183,2.0459244176514555,0.3733099916767502,-0.011698958489850031,0.21311100613543055,0.9968491174305775,0.03732279747592145,0.4896822312594916,-0.0294198175845386,-0.010429220164431818
12.005414247512817,0.09171216239862781,-0.004437695732274742,2.0526300040293295,0.4045712711324064,-0.011407449029366157,0.23037585842536165,1.0048009976320147,0.046829734834588126,0.4862911714577526,-0.02645885656240754,0.14804805110655295
12.025521039962769,0.10000505540026193,-0.00465586059422322,2.057334538773824,0.4247430215914079,-0.01037838727190583,0.24006534206121727,1.0122988624323017,0.05602476455782809,0.4826090574666184,-0.023072376899440084,0.16932398314837283
12.045454025268555,0.10878351918881257,-0.004904867748967409,2.062353554483228,0.44708142711883037,-0.010508370408088951,0.2526641645082045,1.0184461290841968,0.06698713334295378,0.4772148479632451,-0.02235131821619296,0.03605293416235611
12.065481185913086,0.11792922627021198,-0.005100925761163231,2.0675019098545255,0.4675084074118018,-0.009062144513284442,0.2621526420303299,1.0241841353277195,0.07757309797878757,0.4715957332630111,-0.01846163210445617,0.1944843055868395
12.085555076599121,0.12748459354180203,-0.005265966930626044,2.0728388961475726,0.4880460997438438,-0.007407925780638921,0.27152651952780144,1.0295182233569327,0.0877871688594005,0.4657554719242515,-0.014575786661109369,0.19429227216734013
12.10553789138794,0.13761139002393585,-0.005517016412423517,2.078552178676272,0.5118522876550081,-0.008048900892223328,0.28450007654956655,1.0305401644155074,0.09141645616151028,0.46021936303691074,-0.015225915258952671,-0.03250642989216512
12.125775575637817,0.15348901071041268,-0.005754059111372459,2.087347062544204,0.5444620606235554,-0.006261074567473724,0.2997407728848287,1.0326921165016563,0.09942666957368265,0.45359877546476207,-0.011118132236112022,0.2053891511420325
12.145554780960083,0.164584917423554,-0.005858875934689703,2.0934321469525536,0.5651346936124716,-0.004194884068772797,0.3087449720922886,1.0345170706535243,0.10714383790872611,0.44679007437354357,-0.0072390717487818,0.19395302436651107
12.165563344955444,0.1703492202931571,-0.005920817553676454,2.09658468240755,0.577229276421506,-0.0037790406390744748,0.3143523716181442,1.0341733831358462,0.11315907164979122,0.4393477364993948,-0.006439039595397045,0.04000160766923777
12.185385942459106,0.18819208430685552,-0.006007704256840575,2.106253266371138,0.6099751478238994,-0.0010272738590497306,0.3286138564404383,1.032590222435265,0.11802345962258406,0.4326802339366265,-0.0016571290814773043,0.23909552569598702
12.205502271652222,0.20059798889631136,-0.0060043302595515265,2.112911625644722,0.6306093109925299,0.001380255329124904,0.3371992206873545,1.0307902402333202,0.12269802206548013,0.4258252211939783,0.0021807909706024198,0.1918960026039862
12.225387573242188,0.20701646535842605,-0.006000818296756818,2.116335786046101,0.6426376295869847,0.0021837014100482034,0.34226764475001525,1.0288121029597999,0.12625494254211256,0.41951484969852754,0.0033845085535619823,0.06018587914797813
12.245507955551147,0.22007483795918661,-0.0059316635312106035,2.1232646114814666,0.6631923358536164,0.004743140503612836,0.3505932165970313,1.0266237677268448,0.12966458279013882,0.41301025014589016,0.007104587059937106,0.1860039253187562
12.265527963638306,0.23363640783366246,-0.0058305969201656455,2.130402046894994,0.6859602029554149,0.006826518582461479,0.3598359639939337,1.0187563834533582,0.124429181346777,0.40464886460540506,0.009808591104696784,0.1352002022379839
12.285470247268677,0.25473367037701505,-0.005570004137120173,2.1414019967441766,0.7181584190252116,0.010543557972197908,0.3725565404463787,1.0086432209911316,0.11895764359432476,0.3974055279632584,0.014386890622154258,0.22891497587287368
12.30544114112854,0.2692978958370926,-0.005335696184776713,2.1489321180866634,0.7382305929847393,0.012869666593371736,0.3804309384910715,0.9985830263310543,0.11368640334183647,0.39000898281090735,0.016920973990149246,0.1267041683997494
12.325495719909668,0.284356995650881,-0.005029180414120288,2.1566420946035114,0.7604827195066676,0.0158143647512199,0.38874051173733976,0.9853512082269533,0.10739946098206811,0.38323048451868225,0.0200775724233746,0.15782992166126775
12.345573663711548,0.29976284616032106,-0.00469182022943029,2.1644930905965873,0.7800587581787388,0.017901504342793022,0.3963359314194858,0.9722792142270817,0.1013545993660374,0.3762836905072274,0.022013096670828514,0.09677621237269562
12.365540266036987,0.2997989424425074,-0.004674765048381837,2.164498238285574,0.7810618604441436,0.018405202144110056,0.3964221223551782,0.9553664100752446,0.09638395497505033,0.3707103191900765,0.022514293160075916,0.025059824462370095
12.385483503341675,0.3319352686600004,-0.003795710790104099,2.1806712572743585,0.8223803846893004,0.023885736886172203,0.41165262202632,0.9424627556418326,0.09481913874699471,0.3651614955752463,0.027718213206731956,0.26019600233280205
12.405515432357788,0.34857051660056226,-0.003299132671455094,2.1889769618229122,0.8411019259845105,0.02576711676499238,0.41889865373614116,0.9297177234311108,0.09333165865980504,0.35940782602551746,0.02892894008093272,0.06053634371003813
12.4254469871521,0.35710033685725046,-0.00299911837027742,2.1931864765440543,0.852322713610152,0.027749669052824357,0.4225291294463668,0.9153518019852062,0.0917374058942855,0.3564055308775391,0.030668835732281963,0.08699478256746218
12.445476293563843,0.3743289143574929,-0.0024258798533851444,2.2017081256691147,0.8704878555908423,0.02956913055246053,0.42962481632285926,0.9011975261729577,0.09022176440228304,0.3531155836237855,0.03188469931503857,0.06079317913783022
12.465494632720947,0.3920324192513247,-0.0017670797492590656,2.2103741334778486,0.891233472310391,0.03263130840238927,0.4367409046388735,0.8898063802047527,0.09543923636861411,0.352845282509641,0.034282011235147625,0.11986559600545288
12.48548698425293,0.4100342967026232,-0.001095026620223355,2.219179483116373,0.9089167112926689,0.03459081587794216,0.4437918614326316,0.8785379116423755,0.10048268492467097,0.3521860418648045,0.035461682524602356,0.05898356447273656
12.505432605743408,0.4284874336145745,-0.00035044064675842295,2.2281197586744224,0.9288058055327024,0.03734683429176869,0.45068778569443846,0.8642986460109036,0.09833369873559551,0.3545944834658195,0.037377198775944365,0.09577581256710044
12.525583744049072,0.4472354707720288,0.0004160243894634434,2.237204569087264,0.9459511520170021,0.03929283060084682,0.457799636220592,0.8502711593821917,0.09628206061763761,0.3565087876808995,0.03846271206330254,0.05427566436790876
12.545514106750488,0.4664093484837165,0.0012412793551279104,2.2464171904249106,0.9649773040578388,0.041783971559076864,0.46461259272865635,0.8403692963649684,0.10279167001553907,0.36455087602133474,0.04000606842728649,0.07716781819919749
12.565519571304321,0.48587631316109775,0.0020979408832352536,2.2557828529159862,0.9816864813416435,0.04390320031025247,0.4719780891823386,0.8305645873740004,0.10909742706491002,0.3718808743768764,0.04118959538900979,0.05917634808616512
12.585520505905151,0.505747837546387,0.0030110735332285064,2.265269791804895,0.999977312577294,0.04639715242873072,0.4787689983239537,0.8222621908749885,0.11223257779514512,0.37879409436365374,0.042630133857230135,0.07202692341101713
12.605401515960693,0.5361503307361108,0.00445149281010878,2.279781110934431,1.025507603575872,0.0496981453945232,0.4895410480827564,0.8157505607349855,0.11216858584360519,0.38351446195755534,0.044392740604453085,0.0881303373611475
12.62550687789917,0.5568231969287297,0.0054678876102339236,2.289648918460279,1.0417571853093914,0.0519412837489875,0.49725337501582845,0.8092014674935444,0.11215331402202144,0.38761575696494793,0.04550884832363877,0.055805385959284415
12.645496129989624,0.5672969687554114,0.00599001542586586,2.2946223664650818,1.0501819155946377,0.052986811390379134,0.5006276093198405,0.7992515636648205,0.11257168480655427,0.3894813854588216,0.04595008395104516,0.022061781370319444
12.665457010269165,0.5884597981936134,0.0070722950501726275,2.3047129134776956,1.0660681378367405,0.05524262333434681,0.5084315923022688,0.7893844442839894,0.11301336754758864,0.3908316138887986,0.04714341338513206,0.059666471704344914
12.68550705909729,0.6099530417519919,0.008198714900982614,2.3149343739620263,1.0821097970283042,0.05750834708105655,0.5156223069702353,0.7801677121990183,0.11581188541495274,0.38940868699530423,0.04822999452510057,0.05432905699842561
12.70548415184021,0.6427714047076108,0.00997558119436199,2.3305673206869293,1.1055411032056093,0.06096343405169285,0.5269714373656124,0.7710237934829597,0.11570028136458657,0.38561872159154886,0.0499248728015953,0.08474391382473634
12.725594520568848,0.6650358243811184,0.011217984206314674,2.341183605105222,1.1208705475677005,0.06327660926710706,0.5346433461940681,0.7619288250377556,0.11562291155904739,0.3815213203870269,0.05093322426155433,0.05041757299795169
12.745537281036377,0.6762790045179915,0.011855526306700035,2.346542892216361,1.1282945529505175,0.06439000765691401,0.5382868156227028,0.7528634923245844,0.11381132532177349,0.38163341265587275,0.05138350554861537,0.02251406435305192
12.765565395355225,0.6989948660017145,0.013165973343116802,2.357384940026949,1.143261516601138,0.06664901612134681,0.5459168316001249,0.7438398522906117,0.11210734405072918,0.38129337002542835,0.05243327272169829,0.052488358654145806
12.785551309585571,0.7104622206676451,0.013838617367455354,2.362860458262179,1.1505237328479176,0.06779123560168755,0.5496416129412197,0.7331557057811495,0.11231194483561177,0.380586296695756,0.052882571057422556,0.02246491678621343
12.80551815032959,0.7336186189044074,0.015216919722543736,2.3739293393170353,1.1650807912512924,0.07003978930202985,0.5572427168281819,0.7225658292827821,0.1125487557364485,0.37945368504149407,0.05389530068442738,0.05063648135024135
12.825497150421143,0.7570651641661273,0.016645189430100592,2.3851447469697846,1.1794583343492115,0.07245101277544382,0.5646753141797632,0.7128681811896331,0.11703959885742463,0.3764005807418581,0.054951326048912286,0.052801268224245135
12.845506191253662,0.7927681462778786,0.01887136868590123,2.4022524677360497,1.2007165357772507,0.07599078333636722,0.5758716693747125,0.703898685175604,0.12212501493847136,0.37077598059889627,0.05648087773538357,0.07647758432356433
12.865519523620605,0.8169226608762464,0.020415941127574486,2.413843668974849,1.2147051667419297,0.07848292928284292,0.5832288829625983,0.6949714967334034,0.12706557871534954,0.36490458583616464,0.057478405326193194,0.049876379540481075
12.885467529296875,0.8413437844088064,0.021999642521248346,2.4255830714083575,1.22820383461766,0.08072808338511735,0.5905190611560989,0.6839350098531809,0.1298092457811762,0.35620507957793246,0.058346823219160626,0.04342089464837162
12.90610146522522,0.8784876757876329,0.024465915570755233,2.4434647441042587,1.2483341096933982,0.08428290914986085,0.6012970168989195,0.6721450379485769,0.13732592679602093,0.34667428445840137,0.059811186380796855,0.07321815808181142
12.925565719604492,0.9035880080773264,0.026179527207804216,2.45555937913793,1.2616602914472932,0.08710245537224942,0.6081343999060548,0.6604966768756719,0.14458622375768065,0.3370483546401331,0.06097234008602426,0.05805768526137012
12.945484638214111,0.9162239293262335,0.027041414973132803,2.461662950965919,1.2677685558287637,0.08809592642582408,0.6115680511316517,0.6487427752778274,0.1468744555743618,0.3267512997626955,0.06122716361835989,0.012741176616781758
12.965845346450806,0.9417082729129373,0.02883285665829302,2.473958973028397,1.2806271233376476,0.0910555845203599,0.6179996491259763,0.6371389097038263,0.14907720411221267,0.31639953311914054,0.0626013163093595,0.06870763454998041
12.985477924346924,0.9674419682534168,0.03065033445631279,2.4864027475809545,1.2931149176398093,0.09320920318003058,0.6248113270383537,0.6243477309137901,0.14796444571039796,0.31213841052376734,0.0632801455608778,0.033941462575914905
13.005441904067993,1.0065138816846284,0.03349822486480222,2.505297401117536,1.3116653899905568,0.09715532838824087,0.6343696736221377,0.6115407052710898,0.137636273668722,0.303636280835504,0.06491551178328425,0.08176831112032268
13.02551794052124,1.0328686526112716,0.03546819027095648,2.518044949737781,1.3237695979091701,0.09980812468100626,0.6403564957300888,0.5989092574653051,0.12770993049767618,0.2950285178678674,0.06585499946867168,0.046974384269371505
13.045486211776733,1.0461300668400193,0.036472073954443615,2.5244674556893765,1.3294903235584705,0.1010360026389872,0.6433661384752911,0.5892735269725116,0.11986665553565339,0.2888859524347716,0.06625105743375359,0.019802898254095425
13.065581560134888,1.0728370894829165,0.0385162620726447,2.537392136767237,1.3411800781966212,0.10335783754035767,0.6490808704074388,0.5797147669129714,0.11237509088666961,0.28255633541890884,0.06711327214720786,0.043110735672713396
13.085491418838501,1.0997770049218414,0.040642868113929496,2.55044139250068,1.3526945581004157,0.10655635563505876,0.6549648645708852,0.5708780265337495,0.11034568388855044,0.27841608219113084,0.06846876980438843,0.06777488285902855
13.105395078659058,1.1406094374179694,0.043918458426051014,2.5702184874707723,1.369574727208953,0.11073021112444503,0.6633140178250314,0.5611541753411131,0.1155169049929119,0.2692636571584817,0.07006276832755276,0.07969992615821653
13.125448226928711,1.1681125188584598,0.04615650347114139,2.583538006773124,1.3807012918051305,0.11309104447301858,0.6686071636509775,0.5515166625581822,0.12054225970125537,0.2600390624873567,0.0707456850929713,0.03414583827092699
13.145476818084717,1.181934129377475,0.04730967876717197,2.5902373781729464,1.3857278742008317,0.11474099160892494,0.671144461314336,0.538883128641574,0.12209481753330426,0.25195888749514045,0.07141459751479262,0.03344562109106608
13.165755033493042,1.2097556296108931,0.0496290197410386,2.603710115467006,1.3963805941983751,0.11719819270153607,0.6761019997939262,0.5264166297687847,0.12362089860742854,0.2437784358229565,0.07227531748248639,0.04303599838468841
13.185538053512573,1.223738359190811,0.05080622144600036,2.610489938673127,1.4012507320833563,0.11842741403506708,0.6786880005573794,0.504776475039289,0.12793040808845635,0.2401305370920006,0.07264972699855177,0.018720475803268855
13.205415725708008,1.2802070837193877,0.055633430078519404,2.6378390942763956,1.4216750097805753,0.12337072840505468,0.6884163634380838,0.48739563418187865,0.14426040522533565,0.23123841209330914,0.0744952187268253,0.09227458641367647
13.225553750991821,1.3087369239793651,0.058130755136931105,2.651653073395751,1.431252388986024,0.12641419693780848,0.6929517073461364,0.4704074008219868,0.1599863754423006,0.2222860966358956,0.07553483029352526,0.05198057833499803
13.245474338531494,1.3230806735697798,0.05938713745257231,2.6585926770768853,1.4359975432610856,0.12758092489034348,0.6950783103160773,0.4490358196291577,0.16462607413391697,0.2149656075272064,0.07582135571248516,0.014326270947995212
13.265700578689575,1.351889034365399,0.06197198091534459,2.6725367419075416,1.444769131026164,0.13091825046377276,0.6993033413834634,0.42821414455069634,0.16907483158339934,0.2075162421524713,0.07726495718362969,0.07218007355722644
13.28549337387085,1.3663838168230054,0.06325395698758458,2.6795442223732575,1.449670902039534,0.1316338150665938,0.7014327770841693,0.4151167544952494,0.17353710134922273,0.20133293724047993,0.0772040230186204,-0.0030467082504648246
13.305409669876099,1.4100996771092016,0.06724554674347108,2.700684000768601,1.4631175031423695,0.13585668424788763,0.7075725512731713,0.4035758260311694,0.17578707150083814,0.1930305812850679,0.07891756106150938,0.08567690214444923
13.325480699539185,1.4394419858363645,0.06999798122536564,2.714873500298978,1.4710757584109038,0.13939382354428542,0.7113494534991952,0.3922924402622552,0.177904978491813,0.18464613711687328,0.08024762750203118,0.06650332202609022
13.34552264213562,1.4689763614661275,0.07278220307692965,2.72914223318373,1.4796338990397773,0.14201405132115327,0.7150888282670352,0.3802944139422769,0.17859840361254053,0.17486315141755857,0.08105525732797725,0.040381491297303285
13.365583658218384,1.4986443124109265,0.07565824583235561,2.743478329405505,1.4871221308707636,0.14559225744540738,0.718488132911621,0.3685750026718267,0.17920838799589436,0.1650648736229113,0.08252564505781734,0.07351938649200473
13.385495901107788,1.513543886059506,0.07710781626049643,2.7506763588634153,1.4909692457225945,0.14698592883516343,0.7201992440318759,0.35718678409129667,0.18192661742188318,0.1562182359243034,0.08285900322223361,0.01666790822081321
13.405384302139282,1.5734818493634357,0.08311724074796445,2.7796249406377447,1.5054443227188241,0.15389019196736242,0.7267325644845172,0.3455605455332089,0.1823067957050372,0.14728332914153755,0.08579803228186522,0.14695145298158074
13.425544500350952,1.6036590869932048,0.0862315272724501,2.7941884512058106,1.5122416282232432,0.15753946026083396,0.7295885948570348,0.33421689319229525,0.18260674639826785,0.13831411449732256,0.0869296606216583,0.05658141698965391
13.445435523986816,1.6187938653550054,0.08780988140827904,2.801492884845165,1.515326418873025,0.1592012616681834,0.7309370708463846,0.3198227196489484,0.1832931747350057,0.12975731306983046,0.08746957319797,0.026995628815584816
13.46553087234497,1.649163417339277,0.09103060693457196,2.816137005728579,1.521582042298501,0.1628733059221021,0.7334463926120697,0.3058014838929373,0.18389767960493497,0.12116987105170418,0.08899415799403121,0.07622923980306062
13.485498189926147,1.6796621626303678,0.09432168423806767,2.830840069777215,1.5277547655650334,0.16670338794703102,0.7360492607596903,0.2933272375503318,0.21013403277600912,0.1131065973846559,0.0904292056472773,0.07175238266230455
13.505436182022095,1.7256311798432113,0.09940335775369716,2.8529774642494843,1.536552413330452,0.17276414719259012,0.7394970954166247,0.27925618283835557,0.2360791411058329,0.10312393795455284,0.09287829202195264,0.12245431873376678
13.525557279586792,1.7564171595451405,0.1029075390496176,2.8677873667077702,1.541999869633664,0.17773732786289959,0.7414599600678017,0.2655499547592987,0.2610829639235251,0.09316684629501136,0.0947468935810365,0.093430077954193
13.54543924331665,1.7718479421462359,0.10466070707715128,2.8752082246356494,1.5444524207789092,0.17943609643446623,0.742343470522168,0.2514131639012503,0.28413820076029545,0.08271008020806254,0.09515783811703393,0.020547226799871865
13.565502405166626,1.8027863495470313,0.10830775020433768,2.8900709419547925,1.549342448627711,0.18534217465340588,0.7438936062975332,0.23765190032077776,0.30632588226752305,0.07231355539465995,0.09786028640491029,0.1351224143938179
13.585509777069092,1.8338301731304067,0.11195364809756228,2.9049774513188775,1.554225098034754,0.18853739756308907,0.7456103411865412,0.2246183913845589,0.3284343036994316,0.06145877667935009,0.09870867167828168,0.04241926366856941
13.605413913726807,1.8805630821989126,0.11766720004308345,2.9273837551947723,1.560962095754558,0.19576264966366644,0.7477190596383158,0.20805653465893542,0.3205911029248382,0.05850765392499026,0.10182183308650172,0.15565807041100221
13.625653266906738,1.911822855672812,0.12164605475114479,2.942349631354134,1.5649616681616871,0.20209710153028176,0.7488580658747628,0.1919814087212893,0.31287519911192846,0.055360580949383814,0.10420740174172538,0.11927843276118288
13.6455397605896,1.9274820562807629,0.12362434709064277,2.9498431094227078,1.5667006525440166,0.20360761476772765,0.7494324390120749,0.17110334401738356,0.30750621074922696,0.052701626663161576,0.10439958598634025,0.009609212230743402
13.665478229522705,1.9588489307617778,0.1277576455226735,2.9648421111641725,1.5699193742457944,0.2097045200598229,0.7504582000950624,0.150876833499485,0.30219369017454845,0.04984116914610579,0.10721211429194044,0.14062641528000963
13.685498714447021,1.9745717117782908,0.1298602638601326,2.972347260884057,1.5717338259934523,0.21247133940243235,0.7508575501825111,0.13257065575083452,0.29618751560973183,0.04579579120230465,0.10792948450841822,0.035868510823888755
13.705405712127686,2.037598702964553,0.13863321701812878,3.0024135436958614,1.5781995723992122,0.22549216296783897,0.7524584148378364,0.12263660417217871,0.3195776461085629,0.033497635817341456,0.11379785628604555,0.29341858888136674
13.725478649139404,2.069186574288289,0.14320849001181138,3.017468599659422,1.5805554334258785,0.2321100993236954,0.7530067216203246,0.11299858999671858,0.34206670130017625,0.021359648774015236,0.11568332083648913,0.09427322752217915
13.745483160018921,2.1008412487780785,0.14792886465166266,3.032531175930036,1.5832114471691108,0.23919888019515903,0.7533203484584365,0.10420488928649269,0.36319364726793174,0.00956138276667835,0.11855104418851203,0.14338616760114498
13.765681028366089,2.1325257449909625,0.15278684692441308,3.0475987168012035,1.585209696542822,0.24666694003999998,0.7533949556685312,0.09566157564162711,0.38347170516251544,-0.002073533494363227,0.12141085550269937,0.14299056570936663
13.785465478897095,2.1325238289804966,0.15277093082995047,3.0475999164186516,1.5849885365551541,0.2463580175372664,0.7533044134494158,0.0827099375487946,0.40005814577179594,-0.010816234938973839,0.12067490302440032,-0.03679762391495256
13.805458307266235,2.1801126270445894,0.1602742227108225,3.070211778059635,1.5874135049711828,0.2565576186945511,0.7534333447999377,0.07072987211840623,0.41513652706429766,-0.01538981684986467,0.1255105131310148,0.24178050533072426
13.825520992279053,2.2118742619241534,0.1654893730879864,3.0852770584593436,1.5887112128937353,0.2650053824100693,0.7530792087688253,0.05909878505447299,0.42952568589751255,-0.020035712215687344,0.12836039262534227,0.14249397471637337
13.845412254333496,2.2436552875943185,0.17078885683732029,3.100346837753119,1.5896643575274043,0.27156723058915383,0.7529392251812859,0.04552565687416526,0.4397366174314803,-0.02255545269749312,0.1307241567506412,0.11818820626494642
13.865844488143921,2.275456795224738,0.17630880023754922,3.115400935753222,1.5904425080636169,0.2804591985099834,0.7524616814860208,0.03235635184355272,0.4493634684061805,-0.025223414402977273,0.13428780426084197,0.17818237551003868
13.88544511795044,2.2913632403342254,0.17909629401711027,3.122926228333428,1.5906528599843046,0.28387607448224417,0.7522252365737875,0.017742763112773296,0.45024853563961625,-0.02859587136463836,0.13502943999730954,0.03708178682337859
13.90541124343872,2.3391030547516523,0.18778938521463587,3.1454808737805275,1.5914262764982323,0.2966938343907506,0.7513575288961496,0.0046870054294375395,0.4504195571817401,-0.03202918206691524,0.14070026203767672,0.2835411020183587
13.925554513931274,2.3709316658673547,0.19381334384025833,3.1605013839027403,1.5913925520900334,0.3057017084594748,0.7506816578101319,-0.00799794998460566,0.4503237115141949,-0.035576801236647845,0.1434584967751169,0.13791173687200953
13.945493459701538,2.4027704285930365,0.2000111215489929,3.175506040448489,1.5914302105961005,0.314677643562149,0.7498878090444002,-0.021451985338718157,0.45802951579614865,-0.03977952784412504,0.1468506199674242,0.1696061596153653
13.965573072433472,2.4345938664636755,0.20639676742079135,3.1904955567548643,1.5908701270836352,0.32391085810211034,0.7490495607723139,-0.03448687372168603,0.465203980978095,-0.044057747221145936,0.15020459870670022,0.16769893696380045
13.985552549362183,2.4505073019667014,0.20966570215254923,3.1979828057433477,1.5905719242597074,0.3288438748398791,0.7485440977786276,-0.04930573740321574,0.4760798774338984,-0.04800639474931383,0.15160110634469426,0.06982538189970189
14.005508184432983,2.482307917896771,0.2163384928868819,3.212943819302109,1.5894420374330458,0.3384696017480063,0.7475438383142362,-0.06359523519858659,0.4864009443280581,-0.0520323049751699,0.15562504986719095,0.20119717612483434
14.02560544013977,2.514108000575744,0.2231993235842962,3.227887955482436,1.5886637689712486,0.3481167051886186,0.746546419374705,-0.07769176774696492,0.4983063267455642,-0.0581042487858952,0.15890178249929576,0.16383663160524087
14.045474767684937,2.5617509287510787,0.23385445187325932,3.2502621092694084,1.5867059130157257,0.36278493214602064,0.7448564900629612,-0.09422438412007518,0.5087221779316294,-0.06566763045890878,0.16462766087870673,0.28629391897054823
14.065549612045288,2.59346513093832,0.2412125603887795,3.265145605256803,1.584661258812612,0.3730587122545819,0.7434681597046455,-0.11013857477419035,0.5185601602730744,-0.07315232959779933,0.16773101579955263,0.1551677460422951
14.085549592971802,2.609321782697649,0.24495652415318916,3.272581644405874,1.583944998464583,0.37790788772411565,0.742868793122867,-0.11624050071398694,0.520190474500049,-0.07419815015782665,0.1690316586453693,0.06503214229083287
14.105503559112549,2.6409770389786273,0.2526188104986386,3.28742410302781,1.5815610359463026,0.38832497092076534,0.7413730581867681,-0.12211864494159401,0.5214577940867313,-0.07540137480136634,0.1733619573730958,0.21651493638632502
14.125546216964722,2.672615418304268,0.2604722626830433,3.3022469152131273,1.5797951833711785,0.39839342738302,0.7400979883975812,-0.12919000755473614,0.5230342501730736,-0.07514926810800895,0.1765826810538984,0.16103618404013087
14.145520687103271,2.7199562867267453,0.272664854854823,3.3244157322092684,1.5759794787222496,0.4143102190841921,0.7378384968598989,-0.13642723671732582,0.5285351754303094,-0.07352637619719081,0.18274764984094594,0.30824843935237656
14.16603946685791,2.767166545499346,0.28534545147765517,3.346513127592138,1.5715894633418812,0.4305908959804773,0.7354871322264518,-0.14342665108640024,0.5327838695085493,-0.07420304904596743,0.18817854111381926,0.2715445636436664
14.185548782348633,2.798569196472426,0.29406408669511375,3.3612079764810736,1.5686532121606245,0.4412852762462913,0.7339949665866867,-0.15015324179842637,0.536579121385791,-0.07504003310241229,0.19126405129410662,0.1542755090143677
14.205419301986694,2.829888676119758,0.30301931617436006,3.37586475351116,1.5650072902577803,0.45257505938890213,0.7322970574211775,-0.15587470854358645,0.5380006870596454,-0.07486743114459975,0.1953416089581581,0.2038778832025745
14.225507974624634,2.8611572774839824,0.312178493139333,3.3904957232485726,1.5618345688701294,0.46334610290911965,0.7307998641461403,-0.1613579400562416,0.5390405232536943,-0.07488303802388793,0.1987873907305282,0.17228908861850467
14.245481729507446,2.876750420578299,0.31685236060347405,3.3977955124825607,1.5596502360774738,0.46913585331479385,0.7299341507592786,-0.1702360226893631,0.5402277784870345,-0.07356626537107812,0.20031214739109782,0.07623783302848075
14.265524864196777,2.9079088027860407,0.32634318353239394,3.4123795581942993,1.5561594936469714,0.4799491434959399,0.7284740221801025,-0.17878339646512764,0.5410390487727477,-0.07248568034082475,0.2045299361101649,0.2108894359533542
14.285484075546265,2.938977267755234,0.33607212715881735,3.426925856860064,1.5519954055507186,0.49106906192703,0.7267698516643217,-0.19427375766269758,0.5101636374604551,-0.07615340023914087,0.2080939529994943,0.17820084446646955
14.305555820465088,2.969977321227678,0.3459935114765289,3.4414457743173292,1.547960490558931,0.5009683636039731,0.7252093770226673,-0.20910922449653857,0.47986168029100307,-0.07990848399779515,0.21130747495775282,0.16067609791292625
14.325510740280151,2.9854412009257763,0.3510652096898853,3.4486899650722913,1.545544870998781,0.5067571361167981,0.7242888198967955,-0.23147827280207922,0.4598923717396264,-0.08189063878674635,0.21282151541032945,0.07570202262883186
14.345468759536743,3.0317225524950024,0.36657022605449174,3.4703822222924265,1.5389901022814165,0.5231654319562551,0.7218291260691833,-0.2542864640073295,0.44141923126170374,-0.0833423662598763,0.21947281832535426,0.3325651457512402
14.366165161132812,3.0624500227596503,0.3771205952991629,3.4848020305820193,1.5336839624459813,0.5318104686202731,0.7201462667025722,-0.2761751637808768,0.42311205609969615,-0.08497317386806186,0.22122045847934624,0.08738200769959903
14.385536432266235,3.077802269873604,0.3825635413744968,3.491997556984299,1.5315720557325616,0.5388300860526958,0.7192552685108877,-0.3001734473954527,0.40267701335920686,-0.08353726611021461,0.22359174889684663,0.11856452087501967
14.405442953109741,3.1083721263930055,0.39341932850396244,3.5063660364468405,1.5253369284637153,0.5466813322448338,0.717596520581278,-0.323173966835153,0.38248859579693184,-0.08238434554352189,0.2265201641241279,0.14642076136406335
14.42551851272583,3.1389069546394004,0.4046076218602106,3.5206963767593766,1.5210594223557978,0.5585862577774772,0.7158098614132239,-0.34545036778659344,0.36022306881593696,-0.08227515005348633,0.23055545826344304,0.20176470696575688
14.445398569107056,3.1995778358331943,0.4274055509373959,3.5492559714069993,1.5097157444111542,0.5769405117141736,0.7123383700479203,-0.35577988291097096,0.34429475885130567,-0.08360729202675252,0.23743867396889407,0.34416078527255145
14.466182708740234,3.2297258591163884,0.4390622651318945,3.5634842233440422,1.5032186602320645,0.5853630663688625,0.7106194591120414,-0.38101602734796847,0.33245562496741077,-0.08198392430978622,0.23897995045658105,0.07706382438434911
14.48554253578186,3.2597124019096313,0.45083522647827096,3.577680308994633,1.4953551727328616,0.591893483315246,0.7089935211251744,-0.40515015565076873,0.3205801696114949,-0.08065929744569074,0.24181454385540402,0.14172966994114855
14.505467414855957,3.2896032549806633,0.46285338895261313,3.591838890736919,1.4887827523823993,0.6011559412122853,0.7072738483564607,-0.4188311656806841,0.3211007321389436,-0.07808011603187875,0.2450714350188372,0.16284455817165977
14.525506734848022,3.3192942704940656,0.47494073814765503,3.605968907041911,1.4802757755091929,0.6075790848191152,0.7057352759733725,-0.4317383621417709,0.32113280929844823,-0.07583188826361632,0.24733660441302385,0.11325846970933195
14.545466661453247,3.3341174419185986,0.4810839733920023,3.6130194427206823,1.476967357860891,0.6121490944928627,0.704924698108825,-0.4506684591525354,0.315548084826136,-0.07202305454839082,0.24864162660541078,0.06525110961934644
14.565624237060547,3.363565441756042,0.49338967972468506,3.627103766709249,1.4677727452454656,0.6184020677743642,0.7035191137163681,-0.4686328503270344,0.30970685743042914,-0.06859907332279297,0.2516359342388417,0.14971538167154463
14.585536241531372,3.392893742082145,0.5058568410198537,3.641152996494786,1.4599819666229001,0.6254616375035078,0.7020047787375856,-0.47764889798248616,0.30976890497043646,-0.06295504923066954,0.254145271269556,0.12546685153571602
14.60542106628418,3.4350660545999405,0.5241315682476289,3.6614790308117833,1.447020776947092,0.6345820254786888,0.7000587331040206,-0.48382409648592484,0.30856975789414554,-0.05768716925250554,0.2582656811305033,0.20602049304736525
14.62542200088501,3.4639093225124133,0.5368848212618637,3.675468997322042,1.4372873515974385,0.6407378482366065,0.6989540196452133,-0.48942303530314685,0.3069415546648486,-0.05285655187628391,0.2602695687111125,0.10019437903046047
14.645532369613647,3.4925568401633775,0.549760836814543,3.689437806836871,1.4274476460578271,0.6468568709810145,0.6979415960931367,-0.49445339569118363,0.30489084879530876,-0.04845717487493128,0.2630622129319229,0.13963221104051904
14.665621280670166,3.508251917170619,0.5568747713989363,3.6971010257737054,1.4223235730156805,0.6496280757854522,0.6971905063317974,-0.5002712860466084,0.2959337820288868,-0.04587052664066106,0.26372656658520865,0.03321768266428826
14.685420513153076,3.536597976006309,0.5699259165279462,3.7110358166759014,1.412264880075906,0.6554561811777179,0.696296037553338,-0.5055005602617424,0.28685704770047515,-0.04363434323945676,0.2669553573189041,0.16143953668477096
14.705452680587769,3.5787150272177626,0.5896923710756028,3.7318948658928863,1.3964241582854562,0.6634358365335086,0.6948052580278586,-0.5160688018882846,0.27832342850801683,-0.04090393564805371,0.27086702980278066,0.19558362419382913
14.72550344467163,3.606539628641572,0.6030161766082898,3.745782955167027,1.3860031901101801,0.6689158077545627,0.6940116312328685,-0.5259071549794829,0.26965078709507345,-0.03851530059875044,0.27280502150239627,0.09689958498078077
14.74547004699707,3.620354823366237,0.6097091139686115,3.752719901985535,1.3801096829570134,0.6713031281384977,0.6936004671029182,-0.5386655937633342,0.26613168487605166,-0.03790949820682689,0.27381378055912853,0.05043795283661279
14.765523672103882,3.6478484741785584,0.6231881520125429,3.766584356807937,1.3692155876040455,0.6765878651278472,0.692846169152534,-0.5506089694341106,0.262288436138332,-0.037563228964600355,0.2769267900919945,0.15565047664329867
14.785557985305786,3.6615069764092865,0.6299615224106874,3.7735105506804274,1.3634139904891434,0.6789965268336968,0.6924800910206228,-0.5657900214387853,0.2578535416912466,-0.035948074203114085,0.27742630224341136,0.02497560757084294
14.805419683456421,3.7156054572540422,0.6573116607068373,3.8011834166772487,1.3411000171366152,0.6888872433989687,0.6911309346287071,-0.5700495120490289,0.25930060608403116,-0.03329013461218427,0.28412003887426396,0.3346868315426299
14.82548213005066,3.742313192802834,0.6711413361088832,3.814999537906371,1.3296612739960385,0.6940833867742164,0.6904889414059232,-0.5737287708041512,0.26022772727033916,-0.03096412022613024,0.28504453018791054,0.04622456568232902
14.845574140548706,3.768791455914723,0.6850750855316093,3.828803262578552,1.3181546805884428,0.6992929384441936,0.6898901880495655,-0.5768358869602304,0.26064274161833856,-0.028965371354515698,0.28833753848461807,0.16465041483537668
14.865433931350708,3.768787992079395,0.6850359534082181,3.828806194490051,1.3180969890819632,0.6979867668258977,0.6899432994532362,-0.565194796146344,0.22605527769512868,-0.03245226289007639,0.2865943166160343,-0.08716109342918887
14.88550090789795,3.795027390937973,0.6990292759613125,3.8425994078250274,1.306574056272997,0.7018795954235977,0.689298948931302,-0.5495848695625377,0.19056365906233894,-0.036269564447608,0.2904559396511326,0.1930811517549147
14.905409812927246,3.8467792970143684,0.7272958443802905,3.8701527467360974,1.282861657144261,0.7103042465788096,0.6880807442491464,-0.5325019939953985,0.15692584850251112,-0.039444585052119625,0.2956700831534933,0.26070717511803565
14.925478219985962,3.8723311585156046,0.741531111518995,3.883906249629216,1.2723807630086452,0.7131129749103495,0.6872582028999928,-0.5156209662739342,0.12407800614497629,-0.04284717290257158,0.2961624965119687,0.02462066792376927
14.946522951126099,3.897568818724118,0.7559057864882893,3.8976504456125833,1.2594823381059679,0.7176657537594279,0.6865430775684589,-0.49542616872968187,0.09286850350600215,-0.048493363639502164,0.29975549003398383,0.1796496761007571
14.966206312179565,3.9226607106069546,0.770275631483019,3.9113712254410835,1.2497731029900856,0.7192171675650518,0.6855156433314449,-0.47555028256634435,0.062394940294208605,-0.05427190616949097,0.30033097712904055,0.028774354752836295
14.985579013824463,3.935046095126433,0.7775533822573033,3.91822935065871,1.242599041052098,0.721816094668962,0.6850609308649374,-0.462028363648682,0.018386149502487317,-0.06312904541111435,0.3023105862152855,0.09898045431224745
15.005445003509521,3.9720135636051235,0.7993249574946459,3.9387647361146567,1.2259568895187314,0.7251025276655761,0.6834510054212697,-0.4464336192659785,-0.027848333516050802,-0.07050586054556873,0.30543276048019674,0.15610871324556186
15.025504112243652,3.996444444091826,0.8138184259103183,3.952419161066732,1.217182460341278,0.7240948470340887,0.6819667546106667,-0.4310432381661896,-0.07268865008942778,-0.0779263899720521,0.30512525770429777,-0.015375138794948562
15.045551776885986,4.008504858740794,0.8211622426179771,3.9592456288029156,1.2104381227803218,0.7261250530427681,0.6814854994767398,-0.41843067556387625,-0.1055600981962073,-0.0778818013476696,0.3072061804343629,0.10404613650325523
15.065587282180786,4.032630769290411,0.8356614875097689,3.9728597496021973,1.2021945338027815,0.7236930119424322,0.6799256777015982,-0.4059501781708652,-0.13748752667680575,-0.07815254974463924,0.30677320707493694,-0.02164866797129683
15.085516452789307,4.044541563903906,0.8430313471630992,3.979665210763158,1.1956518388971535,0.7260616196068321,0.6793476296285949,-0.39646977378528403,-0.16189996323191821,-0.08650002997094951,0.30897209099593015,0.10994419604966055
15.105450868606567,4.0683759378144515,0.857518596827826,3.9932343087140327,1.1878170903649794,0.7225836210120467,0.6775344647971621,-0.38700832948326824,-0.18581778414849706,-0.09481022581767187,0.3080419573384301,-0.0465066828750027
15.125608205795288,4.091925148314269,0.8721477938323371,4.006783717814128,1.1769965195068142,0.7238216667834882,0.6761182654513033,-0.37423624609872064,-0.22254803386458172,-0.09449897490385772,0.31075840135500865,0.13582220082892782
15.145566940307617,4.126995013547724,0.8938799313891115,4.027039182824836,1.1637328318797837,0.7203691655498566,0.6738002975570707,-0.37612112883773924,-0.23460194624615352,-0.07931035121201001,0.3105794833933615,-0.008945898082357573
