t,selected_action,selection_reason,target_source,min_score,selected_score,max_objectness,selected_objectness,selected_terminal_distance,selected_terminal_progress,selected_terminal_lateral_error,detected,confidence
2.575651168823242,7,target_distance_terminal,truth,0.824713408946991,1.1678320169448853,0.9999812841415405,0.9999812841415405,4.37699561164477,4.763358729814617,0.5853759473483633,True,0.9999812841415405
2.6003575325012207,7,target_distance_terminal,truth,0.8296800851821899,1.1764315366744995,0.999984860420227,0.999984860420227,4.413400236812128,4.794963258473291,0.5803650127350792,True,0.999984860420227
2.631965398788452,7,target_distance_terminal,truth,0.8326333165168762,1.186387062072754,0.999988317489624,0.999988317489624,4.42938274143436,4.831454455307877,0.5860012073784658,True,0.999988317489624
2.6684794425964355,7,target_distance_terminal,truth,0.8329571485519409,1.1942710876464844,0.9999910593032837,0.9999910593032837,4.455356139021918,4.867263077374714,0.5763700266489094,True,0.9999910593032837
2.7004425525665283,7,target_distance_terminal,truth,0.8306170701980591,1.2102266550064087,0.9999943971633911,0.9999943971633911,4.469592162392289,4.925701618780362,0.5801047039132294,True,0.9999943971633911
2.731204032897949,7,target_distance_terminal,truth,0.8383206129074097,1.2187483310699463,0.9999945163726807,0.9999945163726807,4.509877173765211,4.948899771227197,0.5829871981376656,True,0.9999945163726807
2.7677719593048096,7,target_distance_terminal,truth,0.8430303335189819,1.2265167236328125,0.9999955892562866,0.9999955892562866,4.5492122996697395,4.973485973279624,0.5902940307158856,True,0.9999955892562866
2.7989532947540283,7,target_distance_terminal,truth,0.8476942777633667,1.241662859916687,0.9999954700469971,0.9999954700469971,4.624765410912154,4.969963262659894,0.6035896945874066,True,0.9999954700469971
2.839508056640625,7,target_distance_terminal,truth,0.8553130626678467,1.2498621940612793,0.9999966621398926,0.9999966621398926,4.64193472135129,5.01466526358011,0.5960187324998257,True,0.9999966621398926
2.8717782497406006,7,target_distance_terminal,truth,0.8587817549705505,1.248928427696228,0.999995231628418,0.999995231628418,4.768807983535675,4.9697056006277505,0.6080621783656898,True,0.999995231628418
2.904053211212158,7,target_distance_terminal,truth,0.8564739227294922,1.2555923461914062,0.9999954700469971,0.9999954700469971,4.826111591563794,4.974918776844908,0.6095783704209421,True,0.9999954700469971
2.9402668476104736,7,target_distance_terminal,truth,0.8603630661964417,1.2725909948349,0.9999979734420776,0.9999979734420776,4.782076724453624,5.083614227845888,0.5915067416505687,True,0.9999979734420776
2.968393325805664,7,target_distance_terminal,truth,0.8585602045059204,1.2773008346557617,0.9999986886978149,0.9999986886978149,4.8027502281566985,5.133142416143567,0.5745769079009916,True,0.9999986886978149
3.000073194503784,7,target_distance_terminal,truth,0.8552485704421997,1.2786308526992798,0.9999990463256836,0.9999990463256836,4.825637954948961,5.16531863790968,0.5626053971190182,True,0.9999990463256836
3.0335326194763184,7,target_distance_terminal,truth,0.8495829105377197,1.2778124809265137,0.9999991655349731,0.9999991655349731,4.867936109005937,5.183842140059747,0.5624989709548562,True,0.9999991655349731
3.0649020671844482,7,target_distance_terminal,truth,0.8464474678039551,1.2766532897949219,0.9999990463256836,0.9999990463256836,4.95619525710425,5.167441296262056,0.5886068670763847,True,0.9999990463256836
3.0999648571014404,7,target_distance_terminal,truth,0.8527693748474121,1.2814478874206543,0.9999990463256836,0.9999990463256836,5.009880438850809,5.1737949365895455,0.5807277247939353,True,0.9999990463256836
3.147122621536255,7,target_distance_terminal,truth,0.8573702573776245,1.2809189558029175,0.999998927116394,0.999998927116394,5.084865136478614,5.167677997028805,0.5821261639764944,True,0.999998927116394
3.1833462715148926,7,target_distance_terminal,truth,0.8579972982406616,1.2797274589538574,0.9999990463256836,0.9999990463256836,5.171280486324612,5.176750725951934,0.5790293660955211,True,0.9999990463256836
3.2164626121520996,7,target_distance_terminal,truth,0.8719326257705688,1.2982971668243408,0.9999990463256836,0.9999990463256836,5.217242990228221,5.200339278823237,0.5750519360120118,True,0.9999990463256836
3.2736027240753174,7,target_distance_terminal,truth,0.8692526817321777,1.295706033706665,0.9999988079071045,0.9999988079071045,5.31249608144429,5.171677369292299,0.5831756884586423,True,0.9999988079071045
3.301224708557129,7,target_distance_terminal,truth,0.8732110261917114,1.2945878505706787,0.9999986886978149,0.9999986886978149,5.440842577832988,5.158504496432848,0.5822384658946069,True,0.9999986886978149
3.331665515899658,7,target_distance_terminal,truth,0.8751519918441772,1.28097665309906,0.9999988079071045,0.9999988079071045,5.500551222275294,5.163150572581054,0.5623879695834385,True,0.9999988079071045
3.3744325637817383,7,target_distance_terminal,truth,0.872130811214447,1.2787010669708252,0.9999984502792358,0.9999984502792358,5.601041573021237,5.127834351220834,0.552626693000119,True,0.9999984502792358
3.3988585472106934,7,target_distance_terminal,truth,0.8745233416557312,1.283003330230713,0.999998927116394,0.999998927116394,5.630003541171642,5.163547758138176,0.5335683465650238,True,0.999998927116394
3.43241548538208,7,target_distance_terminal,truth,0.870315670967102,1.2878774404525757,0.9999990463256836,0.9999990463256836,5.680610147981612,5.180347410015071,0.5437443521017815,True,0.9999990463256836
3.4657435417175293,7,target_distance_terminal,truth,0.8580299019813538,1.2662900686264038,0.9999984502792358,0.9999984502792358,5.798120656075708,5.130788716633955,0.5626928255227126,True,0.9999984502792358
3.499825954437256,7,target_distance_terminal,truth,0.8421965837478638,1.2338271141052246,0.9999977350234985,0.9999977350234985,5.9057101518065585,5.090585226420572,0.5752122307263768,True,0.9999977350234985
3.547757863998413,6,target_distance_terminal,truth,0.8580345511436462,1.03697669506073,0.9999915361404419,0.9997541308403015,6.089484713098619,4.973561829820929,0.5855130783287881,True,0.9999915361404419
3.5837152004241943,6,target_distance_terminal,truth,0.822955846786499,1.0270923376083374,0.9999923706054688,0.9999867677688599,5.864150983408444,5.290752826587689,0.6873238129000179,True,0.9999923706054688
3.6164045333862305,6,target_distance_terminal,truth,1.0483741760253906,1.0759395360946655,0.9999806880950928,0.9999806880950928,5.761106746386708,5.453998963323926,0.5859516065088433,True,0.9999806880950928
3.64874529838562,6,target_distance_terminal,truth,1.1227021217346191,1.602864384651184,0.9999979734420776,0.9997583031654358,5.822335146797783,5.444527811856792,0.4051483375501438,True,0.9999979734420776
3.68556547164917,7,target_distance_terminal,truth,1.1683518886566162,1.4315781593322754,0.9999988079071045,0.9999902248382568,5.960883506141225,5.4010622524416325,0.7440486677239926,True,0.9999988079071045
3.715852737426758,7,target_distance_terminal,truth,0.9823247194290161,1.2242372035980225,0.9999982118606567,0.9999982118606567,5.712509031077312,5.698550153615728,0.543372745216198,True,0.9999982118606567
3.7518229484558105,6,target_distance_terminal,truth,0.9315347671508789,1.045584797859192,0.999997615814209,0.9999833106994629,5.926574004273511,5.540900038119317,0.4847890872776397,True,0.999997615814209
3.7821335792541504,6,target_distance_terminal,truth,0.9022657871246338,0.9988820552825928,0.9999958276748657,0.9999884366989136,5.925304561800322,5.627377883833793,0.6639002436421335,True,0.9999958276748657
3.8158771991729736,6,target_distance_terminal,truth,0.785157322883606,0.9643309116363525,0.9999985694885254,0.9999985694885254,6.018229436924363,5.662238883443228,1.13060046151432,True,0.9999985694885254
3.862696886062622,6,target_distance_terminal,truth,0.702974796295166,0.9598792791366577,0.9999934434890747,0.9999909400939941,6.4881732126108975,5.231393562485417,1.0402029491197247,True,0.9999934434890747
3.8992207050323486,7,target_distance_terminal,truth,0.7307996153831482,1.025841474533081,0.9999978542327881,0.9999978542327881,6.39286168701378,5.336822145109925,0.26278107116090516,True,0.9999978542327881
3.93347430229187,7,target_distance_terminal,truth,0.6947091817855835,1.0328024625778198,0.9999996423721313,0.9999996423721313,6.318706458887856,5.477350133930366,0.2628671792831836,True,0.9999996423721313
3.9695823192596436,7,target_distance_terminal,truth,0.6745244860649109,1.0013004541397095,0.9999991655349731,0.9999991655349731,6.507271229428571,5.35256521743312,0.3130882155932927,True,0.9999991655349731
3.9982151985168457,7,target_distance_terminal,truth,0.7311187386512756,1.0418369770050049,0.9999977350234985,0.9999977350234985,6.572638234758204,5.352097793511734,0.3091012113435651,True,0.9999977350234985
4.0320751667022705,7,target_distance_terminal,truth,0.6888158917427063,0.999803364276886,0.9999979734420776,0.9999979734420776,6.559801063730224,5.416459286809566,0.34616418787418696,True,0.9999979734420776
4.06559944152832,7,target_distance_terminal,truth,0.69905686378479,1.0332568883895874,0.9999959468841553,0.9999959468841553,6.7114889376386655,5.316971402987666,0.3158767858944207,True,0.9999959468841553
4.099709987640381,7,target_distance_terminal,truth,0.694827675819397,1.023098349571228,0.9999955892562866,0.9999955892562866,6.735494139550794,5.351025307744637,0.3253684301024063,True,0.9999955892562866
4.1340718269348145,7,target_distance_terminal,truth,0.7558367252349854,1.1122441291809082,0.9999985694885254,0.9999985694885254,6.607113324484969,5.528545629756752,0.25685574707011677,True,0.9999985694885254
4.169032573699951,7,target_distance_terminal,truth,0.7006359100341797,1.0607695579528809,0.9999986886978149,0.9999986886978149,6.594323757827572,5.596684447748979,0.2652006832761488,True,0.9999986886978149
4.201311826705933,7,target_distance_terminal,truth,0.7392975687980652,1.0675276517868042,0.9999994039535522,0.9999994039535522,6.55653500818581,5.697302424743901,0.3314010843885866,True,0.9999994039535522
4.249133348464966,7,target_distance_terminal,truth,0.736406147480011,1.0782277584075928,0.9999885559082031,0.9999885559082031,6.947338018680658,5.342196952042182,0.2776529407815409,True,0.9999885559082031
4.28462290763855,7,target_distance_terminal,truth,0.827714741230011,1.1562535762786865,0.9999839067459106,0.9999839067459106,6.942236484072127,5.4220800203407435,0.25803462579031133,True,0.9999839067459106
4.318390369415283,7,target_distance_terminal,truth,0.7901390194892883,1.101409912109375,0.9999932050704956,0.9999932050704956,6.905182650329724,5.514328843536705,0.26619569844395347,True,0.9999932050704956
4.350009441375732,7,target_distance_terminal,truth,0.7679399847984314,1.112709879875183,0.9999966621398926,0.9999895095825195,7.032302215709515,5.4375826047216815,0.2630435353539873,True,0.9999966621398926
4.38497257232666,8,target_distance_terminal,truth,0.8360944986343384,1.316314697265625,0.9999973773956299,0.9999973773956299,7.156495079961859,5.500938221599279,1.477638910177481,True,0.9999973773956299
4.417679786682129,7,target_distance_terminal,truth,0.7979531288146973,1.1065659523010254,0.9999971389770508,0.9999744892120361,7.197994102476652,5.36114345975362,0.3404849229583966,True,0.9999971389770508
4.449312210083008,8,target_distance_terminal,truth,0.8594375848770142,1.3279249668121338,0.9999973773956299,0.9999973773956299,7.287020852693207,5.468064951725352,1.5108695031258774,True,0.9999973773956299
4.482978105545044,7,target_distance_terminal,truth,0.8306393623352051,1.0627821683883667,0.9999948740005493,0.9999779462814331,7.284661126655169,5.36020397489739,0.4112548944053082,True,0.9999948740005493
4.51603889465332,7,target_distance_terminal,truth,0.8189464807510376,1.0869593620300293,0.9999940395355225,0.9999784231185913,7.3255701360589045,5.365954317000343,0.46503974947340276,True,0.9999940395355225
4.5497887134552,7,target_distance_terminal,truth,0.9162680506706238,1.2074042558670044,0.999994158744812,0.9999723434448242,7.338845557596535,5.393762490221467,0.4231099635910177,True,0.999994158744812
4.591098308563232,6,target_distance_terminal,truth,0.7779799103736877,0.8661037683486938,0.9999853372573853,0.9999853372573853,7.357903629869643,5.461818510242786,0.9732579200584246,True,0.9999853372573853
4.615821838378906,6,target_distance_terminal,truth,0.8124160766601562,0.9115532040596008,0.9999964237213135,0.9999964237213135,7.299035377515824,5.585706392923385,1.0350576585632192,True,0.9999964237213135
4.65501856803894,6,target_distance_terminal,truth,0.8311274647712708,0.9229015111923218,0.9999958276748657,0.9999958276748657,7.228542568701225,5.6707036133398905,1.0175361675058483,True,0.9999958276748657
4.685358762741089,6,target_distance_terminal,truth,1.0084214210510254,1.0956251621246338,0.9999803304672241,0.999975323677063,7.294340754949262,5.64555676916404,0.9662881064572603,True,0.9999803304672241
4.716150760650635,6,target_distance_terminal,truth,1.187357783317566,1.215300440788269,0.9999788999557495,0.999932050704956,7.315767175961419,5.641889157258161,0.8476153412858158,True,0.9999788999557495
4.75115442276001,6,target_distance_terminal,truth,1.4700431823730469,1.8692939281463623,0.9999887943267822,0.9999887943267822,7.17358906767231,5.844689744966879,1.0266127973639683,True,0.9999887943267822
4.783426523208618,6,target_distance_terminal,truth,1.7249525785446167,2.4825100898742676,0.9999713897705078,0.9999713897705078,7.275884073696344,5.778187579725284,1.0777604596165427,True,0.9999713897705078
4.826427936553955,6,target_distance_terminal,truth,1.449478030204773,2.1185309886932373,0.9999862909317017,0.9999862909317017,7.197284988461358,5.905564958431443,1.1551681474665942,True,0.9999862909317017
4.851539373397827,6,target_distance_terminal,truth,1.5625444650650024,2.1924211978912354,0.9999498128890991,0.9999498128890991,7.4730368231715545,5.669885185516116,1.2029660891903928,True,0.9999498128890991
4.882689476013184,6,target_distance_terminal,truth,2.5365631580352783,3.8514420986175537,0.9998641014099121,0.9998641014099121,7.602807506413873,5.617492193144889,1.4364601901178262,True,0.9998641014099121
4.9168243408203125,6,target_distance_terminal,truth,3.62969970703125,5.773885250091553,0.9999784231185913,0.9999784231185913,7.448083890954356,5.792161309722213,1.4230131815365683,True,0.9999784231185913
4.962426424026489,6,target_distance_terminal,truth,4.504728317260742,6.8586602210998535,0.9999637603759766,0.9999637603759766,7.632525325620202,5.602573983505075,1.2129078772044468,True,0.9999637603759766
4.984877109527588,6,target_distance_terminal,truth,3.663849353790283,6.104148864746094,0.9999721050262451,0.9999721050262451,7.657100960704252,5.6042674089994815,1.2279581625417877,True,0.9999721050262451
5.017776250839233,6,target_distance_terminal,truth,3.2431466579437256,5.739262580871582,0.9999516010284424,0.9999516010284424,7.791993325903307,5.513884693248905,1.298040192999702,True,0.9999516010284424
5.0492260456085205,6,target_distance_terminal,truth,2.760998487472534,4.847336769104004,0.9999762773513794,0.9999762773513794,7.776910323940981,5.574697867000356,1.3804251810520172,True,0.9999762773513794
5.083972454071045,6,target_distance_terminal,truth,1.923505187034607,3.8263823986053467,0.9999896287918091,0.9999896287918091,7.685812305662451,5.71365094662457,1.533939118132193,True,0.9999896287918091
5.121009349822998,6,target_distance_terminal,truth,1.547713279724121,3.0651259422302246,0.9999992847442627,0.9999992847442627,7.625505795662176,5.840030971596447,1.6776186245685785,True,0.9999992847442627
5.152848482131958,6,target_distance_terminal,truth,1.7943930625915527,3.3727946281433105,0.9999995231628418,0.9999995231628418,7.619156094584865,5.847229256969616,1.5622186923720494,True,0.9999995231628418
5.184049367904663,6,target_distance_terminal,truth,2.546107053756714,4.291278839111328,0.9999998807907104,0.9999998807907104,7.51018337251098,5.95014254045588,1.393984110165519,True,0.9999998807907104
5.217447519302368,6,target_distance_terminal,truth,1.4466995000839233,2.3680145740509033,0.9999998807907104,0.9999998807907104,7.456386266921106,6.06862673589912,1.573733252769536,True,0.9999998807907104
5.249643564224243,6,target_distance_terminal,truth,1.4186447858810425,2.33427095413208,0.9999997615814209,0.9999997615814209,7.490158991128988,6.069257628097563,1.6108867909752518,True,0.9999997615814209
5.282337665557861,6,target_distance_terminal,truth,1.2237858772277832,1.7647931575775146,0.9999997615814209,0.9999997615814209,7.67061209770517,5.912411620505748,1.6079294675561833,True,0.9999997615814209
5.31606650352478,6,target_distance_terminal,truth,1.0919878482818604,1.291662335395813,0.9999998807907104,0.9999998807907104,7.740592321583189,5.855003149854146,1.5937718368314975,True,0.9999998807907104
5.349584341049194,6,target_distance_terminal,truth,0.8516235947608948,0.9321568012237549,0.9999997615814209,0.9999997615814209,7.867176707434081,5.739484957278135,1.5326419130009616,True,0.9999997615814209
5.3844239711761475,6,target_distance_terminal,truth,0.9984456896781921,1.0936295986175537,0.9999992847442627,0.9999992847442627,8.021619162482278,5.597571130105374,1.5229439010007237,True,0.9999992847442627
5.430410623550415,6,target_distance_terminal,truth,0.9924588203430176,1.1382845640182495,0.9999990463256836,0.9999990463256836,8.222928024702112,5.443654365089994,1.6397762215161649,True,0.9999990463256836
5.45714545249939,6,target_distance_terminal,truth,1.3368926048278809,1.6002702713012695,0.9999978542327881,0.9999978542327881,8.338230028932564,5.347376250030911,1.6632166812811096,True,0.9999978542327881
5.490745782852173,6,target_distance_terminal,truth,1.448911190032959,1.6547929048538208,0.9999828338623047,0.9999828338623047,8.564367819553464,5.130497141104601,1.553205693718988,True,0.9999828338623047
5.522255897521973,6,target_distance_terminal,truth,1.4357314109802246,1.5864170789718628,0.9999954700469971,0.9999954700469971,8.62012194537967,5.1455402355960445,1.7811071526046456,True,0.9999954700469971
5.552618503570557,6,target_distance_terminal,truth,1.1813987493515015,1.2442703247070312,0.9999926090240479,0.9999926090240479,8.739618380107913,4.999864844439229,1.5934883223533027,True,0.9999926090240479
5.584774732589722,6,target_distance_terminal,truth,1.4153255224227905,1.7171143293380737,0.9999136924743652,0.999883770942688,8.827801425192954,4.93180734282655,1.6133215484172807,True,0.9999136924743652
5.61765193939209,6,target_distance_terminal,truth,1.4327598810195923,1.9881796836853027,0.9999470710754395,0.9999470710754395,8.76407805332235,5.06649769943028,1.8534551782998485,True,0.9999470710754395
5.6559624671936035,6,target_distance_terminal,truth,1.6920748949050903,2.3474462032318115,0.9999661445617676,0.9999661445617676,8.524549280238807,5.343133747387403,1.929215778247567,True,0.9999661445617676
5.695091485977173,7,target_distance_terminal,truth,1.4570810794830322,2.3136680126190186,0.999993085861206,0.999993085861206,8.352197452491891,5.465080282502233,1.5739594301814441,True,0.999993085861206
5.723523855209351,7,target_distance_terminal,truth,1.213456153869629,1.8737379312515259,0.9999978542327881,0.9999978542327881,8.27873993284831,5.566064774421694,1.5290307724100958,True,0.9999978542327881
5.751756191253662,7,target_distance_terminal,truth,0.9072955250740051,1.3361289501190186,0.999994158744812,0.9999841451644897,8.602474358360631,5.221428902927981,1.2407714735735313,True,0.999994158744812
5.783338308334351,7,target_distance_terminal,truth,0.8558624386787415,1.2835915088653564,0.9999994039535522,0.9999994039535522,8.036569000472234,5.791236395558796,1.2218718468093583,True,0.9999994039535522
5.816200256347656,7,target_distance_terminal,truth,0.7677724361419678,1.155805230140686,0.9999978542327881,0.9999978542327881,8.395940907829504,5.453283449468241,1.2540527062037163,True,0.9999978542327881
5.858090162277222,7,target_distance_terminal,truth,0.778181791305542,1.18527352809906,0.9999995231628418,0.9999980926513672,8.332681317939642,5.5223698734903115,1.219100679513802,True,0.9999995231628418
5.882955074310303,7,target_distance_terminal,truth,0.7263578176498413,1.1338214874267578,0.9999997615814209,0.9999994039535522,8.39493509597986,5.50295265826909,1.2325960254007866,True,0.9999997615814209
5.917849540710449,7,target_distance_terminal,truth,0.6781715154647827,1.062809705734253,0.9999998807907104,0.9999982118606567,8.535880951490395,5.360888109777072,1.1853340336482143,True,0.9999998807907104
5.952146291732788,7,target_distance_terminal,truth,0.6426010131835938,1.0416977405548096,0.9999994039535522,0.9999994039535522,8.380219494730431,5.5508965572744025,1.2239233955370616,True,0.9999994039535522
5.995096445083618,7,target_distance_terminal,truth,0.6841433644294739,1.069701075553894,0.9999971389770508,0.9999971389770508,8.667072305426853,5.242613247901597,1.1270030539110631,True,0.9999971389770508
6.019491910934448,7,target_distance_terminal,truth,0.629833996295929,1.0263381004333496,0.9999985694885254,0.9999985694885254,8.658740686450901,5.3053850857940725,1.0892281046401582,True,0.9999985694885254
6.049777269363403,7,target_distance_terminal,truth,0.6330801248550415,1.0264670848846436,0.999998927116394,0.999998927116394,8.684121742245171,5.288348007794728,1.0998491414853542,True,0.999998927116394
6.08948540687561,7,target_distance_terminal,truth,0.6449128985404968,1.0719497203826904,0.9999995231628418,0.9999995231628418,8.600603086763531,5.3978360806381405,1.2621788152390063,True,0.9999995231628418
6.13041877746582,7,target_distance_terminal,truth,0.6548929810523987,1.1181074380874634,0.9999996423721313,0.9999996423721313,8.805793854200523,5.224776899412368,1.3386270041514166,True,0.9999996423721313
6.155336618423462,7,target_distance_terminal,truth,0.6141846179962158,1.0913997888565063,0.9999997615814209,0.9999997615814209,8.83280402207275,5.2255461208881755,1.376930063976533,True,0.9999997615814209
6.1834423542022705,7,target_distance_terminal,truth,0.6346116065979004,1.1349120140075684,0.9999997615814209,0.9999997615814209,8.815397826509477,5.2788699066222575,1.470870150187371,True,0.9999997615814209
6.216900587081909,7,target_distance_terminal,truth,0.6583032608032227,1.132597804069519,0.9999996423721313,0.9999996423721313,9.02800113929842,5.082442057391377,1.4920524734962055,True,0.9999996423721313
6.262176752090454,7,target_distance_terminal,truth,0.7220410704612732,1.1666845083236694,0.9999996423721313,0.9999996423721313,9.051876222150003,5.064849210767507,1.476694016614719,True,0.9999996423721313
6.285480499267578,7,target_distance_terminal,truth,0.6854097843170166,1.0863842964172363,0.9999984502792358,0.9999984502792358,9.331520150615445,4.824857800640774,1.4652968666423427,True,0.9999984502792358
6.330412149429321,7,target_distance_terminal,truth,0.6491641402244568,1.0460972785949707,0.9999995231628418,0.9999995231628418,9.209370306802914,4.956121641623289,1.463879124649529,True,0.9999995231628418
6.351218938827515,6,target_distance_terminal,truth,0.6481640338897705,0.7092892527580261,0.9999972581863403,0.9986116886138916,9.391703366511848,4.921163585503029,2.141259743348766,True,0.9999972581863403
6.385617733001709,6,target_distance_terminal,truth,0.6611367464065552,0.739101767539978,0.999998927116394,0.996914267539978,9.491941841320305,4.809047794484546,2.051359861453163,True,0.999998927116394
6.41740345954895,6,target_distance_terminal,truth,0.6923773884773254,0.7793996334075928,0.9999986886978149,0.9885804057121277,9.80323134879644,4.529339024312645,2.1083444979237416,True,0.9999986886978149
6.451091527938843,8,target_distance_terminal,truth,0.7544053792953491,1.3136930465698242,0.9999996423721313,0.9999996423721313,9.91884272364387,4.224520862802633,0.6275793981685663,True,0.9999996423721313
6.482890367507935,8,target_distance_terminal,truth,0.9000060558319092,1.477824091911316,1.0,1.0,9.838273309169628,4.317195388978134,0.6624155298301588,True,1.0
6.516571044921875,8,target_distance_terminal,truth,0.8680844902992249,1.4624114036560059,1.0,1.0,9.667572675947145,4.513690049230191,0.6865139181376141,True,1.0
6.556330680847168,8,target_distance_terminal,truth,0.9329003691673279,1.495244026184082,1.0,1.0,9.970777082070393,4.217944619983575,0.6630691285940804,True,1.0
6.598423480987549,8,target_distance_terminal,truth,1.2167911529541016,1.9419336318969727,1.0,1.0,9.680766852907905,4.551653203221467,0.7373160703448682,True,1.0
6.615764856338501,8,target_distance_terminal,truth,1.3361365795135498,1.8862462043762207,1.0,1.0,9.40869449757226,4.840690489586325,0.795571732802152,True,1.0
6.650893688201904,8,target_distance_terminal,truth,1.1021074056625366,1.396056056022644,1.0,1.0,9.318107428500836,4.951700371432401,0.7558008225729533,True,1.0
6.682580947875977,8,target_distance_terminal,truth,0.9086374044418335,1.332885980606079,0.9999998807907104,0.9999998807907104,9.812695955561871,4.478200393269334,0.6920715601020605,True,0.9999998807907104
6.717397451400757,8,target_distance_terminal,truth,0.8106065392494202,1.2923716306686401,1.0,1.0,9.80115901188775,4.49672038490789,0.660738676619858,True,1.0
6.748940706253052,8,target_distance_terminal,truth,0.7905499339103699,1.395372748374939,1.0,1.0,9.619024785449776,4.705595280040404,0.65518915286339,True,1.0
6.784059524536133,8,target_distance_terminal,truth,0.848124086856842,1.5006258487701416,1.0,1.0,9.97910606981953,4.3636536041079905,0.7828594571989138,True,1.0
6.818329095840454,8,target_distance_terminal,truth,0.7593059539794922,1.2424453496932983,1.0,1.0,10.002359312931153,4.369430811655989,0.7964802764858026,True,1.0
6.858442068099976,8,target_distance_terminal,truth,1.0436547994613647,1.5719548463821411,0.9999998807907104,0.9999998807907104,10.41380292105349,3.982391860399345,0.7737425413441262,True,0.9999998807907104
6.88448429107666,8,target_distance_terminal,truth,1.0577882528305054,1.6230274438858032,1.0,1.0,10.14251316324819,4.2694159477486515,0.8215636810316868,True,1.0
6.917733669281006,8,target_distance_terminal,truth,1.066925048828125,1.5305545330047607,0.9999998807907104,0.9999998807907104,10.760826572423792,3.6720184112201713,0.7366236162791007,True,0.9999998807907104
6.951545000076294,8,target_distance_terminal,truth,0.8127374649047852,1.2846869230270386,0.9999998807907104,0.9999998807907104,10.767035288128984,3.6895242207490337,0.68575470703158,True,0.9999998807907104
6.990033864974976,8,target_distance_terminal,truth,0.8679991960525513,1.435866117477417,1.0,1.0,10.278070722454407,4.195311433276171,0.6879940291278898,True,1.0
7.023144245147705,8,target_distance_terminal,truth,1.318771243095398,2.1906394958496094,1.0,1.0,9.840010798724654,4.677957421095454,0.7637981044109682,True,1.0
7.057049036026001,8,target_distance_terminal,truth,1.7032948732376099,3.3321895599365234,1.0,1.0,9.786406428624279,4.748590814027126,0.7824364292379797,True,1.0
7.089562177658081,8,target_distance_terminal,truth,2.1620986461639404,4.496978282928467,0.9999998807907104,0.9999998807907104,9.843253393934067,4.727599029773334,0.8527947294102215,True,0.9999998807907104
7.121827602386475,8,target_distance_terminal,truth,1.8242214918136597,3.6255946159362793,0.9999997615814209,0.9999997615814209,10.418562523854105,4.169645983399286,0.7450728574053509,True,0.9999997615814209
7.156433820724487,8,target_distance_terminal,truth,1.8238803148269653,3.7893786430358887,0.9999997615814209,0.9999995231628418,10.367225691690058,4.239613174732442,0.7845656700547818,True,0.9999997615814209
7.18932580947876,8,target_distance_terminal,truth,1.7214126586914062,4.549033164978027,0.9999996423721313,0.9999996423721313,10.465468324317154,4.170621611715167,0.7298375378583022,True,0.9999996423721313
7.218810796737671,8,target_distance_terminal,truth,2.0123915672302246,4.462881565093994,0.9999997615814209,0.9999997615814209,10.091026240685961,4.57933684464408,0.7803899495630511,True,0.9999997615814209
7.252776145935059,8,target_distance_terminal,truth,1.8676185607910156,5.600081443786621,0.9999986886978149,0.9999986886978149,10.238459395143181,4.444336755976321,0.6603976950816894,True,0.9999986886978149
7.285034656524658,8,target_distance_terminal,truth,2.4213621616363525,6.016432285308838,0.9999988079071045,0.9999988079071045,10.2022362746814,4.493925533239921,0.5111976989009224,True,0.9999988079071045
7.318490505218506,9,target_distance_terminal,truth,3.7439582347869873,5.932966232299805,0.9999973773956299,0.9999790191650391,10.126500348870321,4.593578852971761,0.36471870762290076,True,0.9999973773956299
7.360954523086548,8,target_distance_terminal,truth,3.3547403812408447,7.084136486053467,0.9999969005584717,0.9999969005584717,10.429941788376167,4.322970832628335,0.5940796667713488,True,0.9999969005584717
7.4024598598480225,8,target_distance_terminal,truth,2.051330089569092,5.642895698547363,0.9999959468841553,0.9999959468841553,10.159970034063393,4.647154434986536,0.6307060690229292,True,0.9999959468841553
7.416410207748413,8,target_distance_terminal,truth,1.9244568347930908,5.517735958099365,0.9999963045120239,0.9999963045120239,10.25871218635822,4.57206221729873,0.7224267485722776,True,0.9999963045120239
7.45146107673645,8,target_distance_terminal,truth,1.200312852859497,3.071078300476074,0.9999998807907104,0.9999998807907104,9.986224480294439,4.895768779640885,0.9698149999012803,True,0.9999998807907104
7.485138654708862,8,target_distance_terminal,truth,1.0240057706832886,2.8304786682128906,0.9999996423721313,0.9999996423721313,10.20197304716066,4.707737422664874,0.9892629914510392,True,0.9999996423721313
7.5161497592926025,8,target_distance_terminal,truth,1.040002465248108,2.5173912048339844,0.9999996423721313,0.9999996423721313,10.277615686246932,4.667873366293972,0.9894740661821619,True,0.9999996423721313
7.548902750015259,8,target_distance_terminal,truth,1.0990041494369507,2.7658562660217285,0.9999997615814209,0.9999997615814209,10.0281240247354,4.9559290279443715,1.0493516449006213,True,0.9999997615814209
7.592188358306885,8,target_distance_terminal,truth,1.1125158071517944,2.8537588119506836,0.9999995231628418,0.9999995231628418,10.209506118642993,4.794231677890794,1.0074964657375256,True,0.9999995231628418
7.617499351501465,8,target_distance_terminal,truth,0.9670776128768921,2.2112653255462646,0.9999997615814209,0.9999997615814209,10.136463503647823,4.922424263408503,1.0243723885043692,True,0.9999997615814209
7.64908504486084,8,target_distance_terminal,truth,1.070864200592041,2.763310194015503,0.9999996423721313,0.9999996423721313,10.0335912909952,5.054140895340001,1.0755031333187934,True,0.9999996423721313
7.686678647994995,8,target_distance_terminal,truth,1.1008403301239014,2.6773481369018555,0.9999995231628418,0.9999995231628418,10.167085413837095,4.9386142063561165,1.0315238883081996,True,0.9999995231628418
7.716939210891724,8,target_distance_terminal,truth,1.25016450881958,2.63822603225708,0.9999997615814209,0.9999997615814209,10.181927908301077,4.965446253312234,1.0293018946364894,True,0.9999997615814209
7.760039329528809,8,target_distance_terminal,truth,1.269439458847046,2.6941699981689453,0.9999994039535522,0.9999994039535522,10.464922810240159,4.702142883704041,0.9887731864883649,True,0.9999994039535522
7.785994291305542,8,target_distance_terminal,truth,1.1624858379364014,2.57977557182312,0.9999992847442627,0.9999992847442627,10.529222508300247,4.691171390704948,0.9589673462695844,True,0.9999992847442627
7.817870378494263,8,target_distance_terminal,truth,1.1587215662002563,2.599916458129883,0.9999991655349731,0.9999991655349731,10.60466043186589,4.635910718007957,0.9535154068976545,True,0.9999991655349731
7.867487907409668,8,target_distance_terminal,truth,1.285006046295166,2.4759278297424316,0.9999983310699463,0.9999983310699463,10.846179519944071,4.410916037273947,0.9472177540099076,True,0.9999983310699463
7.9013285636901855,8,target_distance_terminal,truth,1.2313730716705322,1.9237102270126343,0.9999991655349731,0.9999991655349731,10.89940135201577,4.427513741724012,0.9634191096325474,True,0.9999991655349731
7.935214519500732,8,target_distance_terminal,truth,1.1135179996490479,1.8687727451324463,0.9999980926513672,0.9999980926513672,10.959306943479795,4.399075430651184,0.9733345062594408,True,0.9999980926513672
7.974350214004517,8,target_distance_terminal,truth,1.107231616973877,1.8278563022613525,0.9999955892562866,0.9999955892562866,11.042434395597878,4.348539266916708,1.0088171274368347,True,0.9999955892562866
8.001217603683472,8,target_distance_terminal,truth,1.0700514316558838,1.7755869626998901,0.9999964237213135,0.9999964237213135,10.81003450856965,4.6520206198963905,1.0990890038294534,True,0.9999964237213135
8.034073829650879,8,target_distance_terminal,truth,1.2034662961959839,1.855844259262085,0.9999988079071045,0.9999988079071045,11.014256921242975,4.45920793970964,1.0877992670037426,True,0.9999988079071045
8.074294328689575,8,target_distance_terminal,truth,1.2617976665496826,2.026869297027588,0.9999986886978149,0.9999986886978149,10.78715477142407,4.7253213492370705,1.1584482426481528,True,0.9999986886978149
8.101524353027344,8,target_distance_terminal,truth,1.0850567817687988,1.6564421653747559,0.9999977350234985,0.9999977350234985,10.99651882338672,4.576596402460101,1.1572237135708927,True,0.9999977350234985
8.142455816268921,8,target_distance_terminal,truth,1.2039716243743896,1.7870301008224487,0.9999996423721313,0.9999996423721313,11.292677978975973,4.297686117781174,1.1749929815120776,True,0.9999996423721313
8.178144454956055,8,target_distance_terminal,truth,1.004368782043457,1.6299058198928833,0.9999998807907104,0.9999998807907104,11.351692868978523,4.277833929428484,1.2684029416198308,True,0.9999998807907104
8.202818393707275,8,target_distance_terminal,truth,1.0992169380187988,1.696305751800537,0.9999998807907104,0.9999998807907104,11.16149298218241,4.549227387686542,1.388069754358678,True,0.9999998807907104
8.234487771987915,8,target_distance_terminal,truth,1.155783772468567,1.7304407358169556,0.9999996423721313,0.9999996423721313,11.300947263095,4.424831647772024,1.4207353533010751,True,0.9999996423721313
8.268194437026978,8,target_distance_terminal,truth,1.2782013416290283,1.7013766765594482,0.9999994039535522,0.9999994039535522,11.269553434782487,4.493970704908492,1.4269292424030826,True,0.9999994039535522
8.30055832862854,7,target_distance_terminal,truth,1.5072057247161865,2.1816163063049316,0.9999998807907104,0.9999996423721313,10.806279304151662,4.915929140416442,0.37045129627249274,True,0.9999998807907104
8.334227800369263,8,target_distance_terminal,truth,2.1404471397399902,2.3329050540924072,0.9999998807907104,0.9999998807907104,10.77598560696725,5.059143593498013,1.4196595749176184,True,0.9999998807907104
8.367965459823608,8,target_distance_terminal,truth,1.7700257301330566,2.2310922145843506,0.9999998807907104,0.9999998807907104,10.997606800477676,4.883016031780224,1.471944221111194,True,0.9999998807907104
8.410436630249023,8,target_distance_terminal,truth,1.3456991910934448,1.8168870210647583,0.9999998807907104,0.9999998807907104,11.479146526318262,4.416204207208029,1.2869657329335102,True,0.9999998807907104
8.434822082519531,8,target_distance_terminal,truth,1.3591700792312622,1.8658720254898071,1.0,0.9999998807907104,11.933742774835817,3.980019964665893,1.2286886283715992,True,1.0
8.47401762008667,7,target_distance_terminal,truth,1.3523790836334229,1.810696005821228,1.0,1.0,12.677410368691605,3.2184418301557924,0.6237209453862498,True,1.0
8.500272035598755,7,target_distance_terminal,truth,1.424168348312378,1.8495607376098633,1.0,1.0,12.476918037107266,3.4860216233215393,0.7317911269343673,True,1.0
8.533064126968384,3,target_distance_terminal,truth,1.7395553588867188,3.1721394062042236,0.9999992847442627,0.9990290403366089,15.039379796399047,0.9256272142818571,0.39623379055381497,True,0.9999992847442627
8.574247121810913,12,target_distance_terminal,truth,1.3660920858383179,1.4343500137329102,0.9999997615814209,0.9999955892562866,14.646922098473407,1.3423860790330364,0.22268358905616323,True,0.9999997615814209
8.59941816329956,11,target_distance_terminal,truth,1.2423151731491089,1.2423151731491089,0.9999997615814209,0.999968409538269,14.990272646879278,1.0629613923584178,0.1375057102349737,True,0.9999997615814209
8.632366418838501,12,target_distance_terminal,truth,1.1605995893478394,1.286746859550476,0.9999998807907104,0.9999985694885254,14.635693867522198,1.4450147809244485,0.33300237348541156,True,0.9999998807907104
8.666729927062988,11,target_distance_terminal,truth,1.5932154655456543,1.5932154655456543,0.9999996423721313,0.9999895095825195,15.428112816201796,0.6793503436222268,0.16831358037397354,True,0.9999996423721313
8.698769330978394,11,target_distance_terminal,truth,1.3513593673706055,1.3513593673706055,1.0,0.9999978542327881,14.079368105244118,2.069146288404855,0.17754990410946508,True,1.0
8.739327907562256,11,target_distance_terminal,truth,1.310596227645874,1.310596227645874,1.0,0.9999116659164429,14.947987417851438,1.2336611932671042,0.07766048662582535,True,1.0
8.77075457572937,1,target_distance_terminal,truth,1.3289955854415894,2.3876593112945557,0.9999998807907104,0.9999674558639526,15.224966904072314,1.0136256048477739,0.17118930278541153,True,0.9999998807907104
8.800312995910645,5,target_distance_terminal,truth,1.1689358949661255,1.5853484869003296,1.0,0.9999994039535522,14.834767821302059,1.4680955396405377,0.9296000950317794,True,1.0
8.831952810287476,5,target_distance_terminal,truth,1.2448652982711792,1.460437536239624,0.9999988079071045,0.9999710321426392,13.849631620212271,2.4682888384122212,0.5252857024663635,True,0.9999988079071045
8.868529796600342,5,target_distance_terminal,truth,1.274104118347168,1.6657829284667969,0.9999959468841553,0.9999490976333618,13.62061426133031,2.727173790924584,0.3719365213804201,True,0.9999959468841553
8.910430431365967,5,target_distance_terminal,truth,1.0691945552825928,1.481643795967102,0.9999808073043823,0.9999432563781738,13.420161453097226,2.978170327811213,0.35830131866605436,True,0.9999808073043823
8.931286811828613,1,target_distance_terminal,truth,1.2707836627960205,1.8001554012298584,0.9999794960021973,0.998875081539154,12.803405498587884,3.653956609664904,0.8531880013912113,True,0.9999794960021973
8.971474647521973,5,target_distance_terminal,truth,1.429951786994934,2.9269137382507324,0.999987006187439,0.999987006187439,11.286475395021533,5.192293867205065,0.4769055770399663,True,0.999987006187439
8.99634075164795,5,target_distance_terminal,truth,1.6507568359375,4.316368103027344,0.999985933303833,0.9999808073043823,10.795999631704484,5.743404262397047,0.46072696851503103,True,0.999985933303833
9.031728744506836,5,target_distance_terminal,truth,1.6523674726486206,3.731205463409424,0.9999877214431763,0.9999532699584961,10.894859121702943,5.6727159585993014,0.3983285901942929,True,0.9999877214431763
9.064574480056763,5,target_distance_terminal,truth,1.4323079586029053,2.747346878051758,0.9999967813491821,0.9999768733978271,10.576726647968867,6.032574296199638,0.3649305427865563,True,0.9999967813491821
9.097892999649048,5,target_distance_terminal,truth,1.602860450744629,3.0904836654663086,0.9999970197677612,0.9999604225158691,10.56263477170775,6.094731882872426,0.299693595593157,True,0.9999970197677612
9.142434358596802,5,target_distance_terminal,truth,1.6396169662475586,3.0460734367370605,0.9999980926513672,0.9997506737709045,10.675145259685637,6.029679405914241,0.2498727296261993,True,0.9999980926513672
9.165014743804932,5,target_distance_terminal,truth,2.1603455543518066,3.632211685180664,0.9999969005584717,0.9998670816421509,10.596483891436588,6.1487298374750665,0.2142889438456216,True,0.9999969005584717
9.196040868759155,5,target_distance_terminal,truth,2.979501247406006,4.618976593017578,0.9999973773956299,0.9999079704284668,10.698954599024864,6.096544958077966,0.1817171950482207,True,0.9999973773956299
9.218173027038574,5,target_distance_terminal,truth,4.305701732635498,5.246499061584473,0.999995231628418,0.9999704360961914,10.690522759447537,6.157896961990086,0.17739391348476707,True,0.999995231628418
9.254491329193115,5,target_distance_terminal,truth,4.691073417663574,5.491576194763184,0.9999973773956299,0.9999761581420898,10.676042013711402,6.193933024845322,0.1802588309870638,True,0.9999973773956299
9.27888798713684,5,target_distance_terminal,truth,3.6503870487213135,5.18198299407959,0.9999983310699463,0.9999504089355469,10.667139536631714,6.2638818835783985,0.19492668430287352,True,0.9999983310699463
9.322461366653442,5,target_distance_terminal,truth,4.111654281616211,5.2911248207092285,0.9999948740005493,0.9999336004257202,10.71486259415118,6.254208105994171,0.2054492422678891,True,0.9999948740005493
9.33957052230835,5,target_distance_terminal,truth,3.6865434646606445,4.456855773925781,0.9999979734420776,0.9999700784683228,10.684084425864556,6.3345849905750375,0.22463686653032053,True,0.9999979734420776
9.368459224700928,5,target_distance_terminal,truth,2.806299924850464,3.0383617877960205,0.9999992847442627,0.9999804496765137,10.621457476467246,6.445272342548742,0.1790708853105735,True,0.9999992847442627
9.402416706085205,5,target_distance_terminal,truth,3.5705935955047607,4.7003068923950195,0.9999963045120239,0.9999018907546997,10.642883127521259,6.472480598607625,0.18523633724272237,True,0.9999963045120239
9.436600923538208,5,target_distance_terminal,truth,2.8733997344970703,3.6387341022491455,0.9999983310699463,0.9999067783355713,10.540491452227144,6.620629596358229,0.3416259223933889,True,0.9999983310699463
9.47189474105835,5,target_distance_terminal,truth,1.9711263179779053,2.464151382446289,0.9999990463256836,0.9999018907546997,10.910624259393197,6.304540004030707,0.5149187283209747,True,0.9999990463256836
9.501822233200073,5,target_distance_terminal,truth,2.3685357570648193,2.9811148643493652,0.9999983310699463,0.9992802739143372,11.176808601395338,6.086899946672871,0.5564782066949894,True,0.9999983310699463
9.546440124511719,5,target_distance_terminal,truth,2.203693389892578,2.635852575302124,0.9999990463256836,0.9990835189819336,11.632851912968375,5.6669949210464186,0.4995959823299167,True,0.9999990463256836
9.571197986602783,7,target_distance_terminal,truth,2.593576192855835,3.3587701320648193,0.9999992847442627,0.9999992847442627,11.6267157936672,5.768156822892075,1.183994056916569,True,0.9999992847442627
9.607204675674438,7,target_distance_terminal,truth,2.2983357906341553,2.9158334732055664,0.9999994039535522,0.9999994039535522,11.642992028045676,5.786101052890912,1.1562342318602596,True,0.9999994039535522
9.635206937789917,5,target_distance_terminal,truth,2.2111430168151855,2.2111430168151855,0.9999990463256836,0.999601423740387,11.673725351347386,5.7806176827300035,0.955816454504876,True,0.9999990463256836
9.668846130371094,5,target_distance_terminal,truth,2.2389769554138184,2.335987091064453,0.9999983310699463,0.9998723268508911,11.52741872128798,5.998158308068735,1.2464017161240903,True,0.9999983310699463
9.703602075576782,5,target_distance_terminal,truth,1.846085548400879,1.8834631443023682,0.999998927116394,0.9995487332344055,11.589201692354997,5.97517495741977,1.2953597595840365,True,0.999998927116394
9.736139059066772,5,target_distance_terminal,truth,2.111349582672119,2.122663736343384,0.9999988079071045,0.9983354210853577,11.767309363188769,5.84127423266242,1.3334389617717093,True,0.9999988079071045
9.773257970809937,5,target_distance_terminal,truth,1.6506351232528687,1.8680086135864258,0.9999899864196777,0.9995515942573547,11.522113616464868,6.13498416431196,1.4609123645260165,True,0.9999899864196777
9.803268194198608,5,target_distance_terminal,truth,1.6073732376098633,1.8515986204147339,0.9999980926513672,0.99922776222229,11.560585958658535,6.150709583630836,1.576221388902814,True,0.9999980926513672
9.835083484649658,5,target_distance_terminal,truth,1.6507456302642822,1.963327169418335,0.9999951124191284,0.9994202852249146,11.564029056562909,6.189757575509671,1.6053478598744126,True,0.9999951124191284
9.869622468948364,5,target_distance_terminal,truth,2.5364491939544678,2.7144596576690674,0.9999955892562866,0.9992664456367493,11.639724174215685,6.1596763247704835,1.6660712439556613,True,0.9999955892562866
9.901794910430908,5,target_distance_terminal,truth,2.6337575912475586,2.6337575912475586,0.9999834299087524,0.9991219639778137,11.698911754962307,6.142659044971065,1.7058223238383345,True,0.9999834299087524
9.935841798782349,5,target_distance_terminal,truth,3.295758008956909,3.3986096382141113,0.9999558925628662,0.9987362027168274,11.618727625700323,6.248537351088002,1.6978052928603062,True,0.9999558925628662
9.971035718917847,5,target_distance_terminal,truth,2.519137382507324,2.519137382507324,0.9999583959579468,0.9997784495353699,11.711790808138005,6.191322334288647,1.708140764582149,True,0.9999583959579468
10.003974437713623,5,target_distance_terminal,truth,2.3420653343200684,2.4040043354034424,0.999922513961792,0.999922513961792,11.479249264635982,6.453411735351486,1.729005718355909,True,0.999922513961792
10.040103435516357,5,target_distance_terminal,truth,2.781829833984375,3.081151247024536,0.999772846698761,0.9997723698616028,11.587996207302442,6.3822610563983,1.7625764149865562,True,0.999772846698761
10.07173490524292,5,target_distance_terminal,truth,2.2862977981567383,2.5093581676483154,0.9998664855957031,0.9994797110557556,11.68155360274455,6.324156249726114,1.7854272597407215,True,0.9998664855957031
10.105195045471191,5,target_distance_terminal,truth,2.145631790161133,2.3443703651428223,0.9998242259025574,0.9996517896652222,11.787842568807838,6.243715060330734,1.8261536490862458,True,0.9998242259025574
10.135956287384033,5,target_distance_terminal,truth,2.5151519775390625,2.920994997024536,0.9998936653137207,0.9989190101623535,11.869952317260761,6.206328319730614,1.915528846454433,True,0.9998936653137207
10.172992467880249,5,target_distance_terminal,truth,1.8139979839324951,1.8989496231079102,0.9999431371688843,0.9990359544754028,11.87095329659553,6.207135769209491,1.8092746861751676,True,0.9999431371688843
10.202521085739136,5,target_distance_terminal,truth,2.103694438934326,2.2741873264312744,0.9999799728393555,0.9986282587051392,12.042797868094965,6.06976386508086,1.7711506302585835,True,0.9999799728393555
10.236499547958374,5,target_distance_terminal,truth,3.230358600616455,4.373707294464111,0.9999786615371704,0.9969005584716797,12.13596365750167,6.033065088667962,2.02715737641609,True,0.9999786615371704
10.272642850875854,5,target_distance_terminal,truth,2.5087814331054688,3.11637282371521,0.9999521970748901,0.9986819624900818,12.236190031678797,5.961630437315948,2.036904712546863,True,0.9999521970748901
10.30196738243103,5,target_distance_terminal,truth,2.4002039432525635,3.118159770965576,0.9999029636383057,0.9994882345199585,12.34655169017588,5.908956162134413,2.2159995404213206,True,0.9999029636383057
10.338669538497925,5,target_distance_terminal,truth,2.150618314743042,3.1058950424194336,0.9997898936271667,0.9995480179786682,12.380135381952813,5.906992542036507,2.3136287077623634,True,0.9997898936271667
10.3706693649292,5,target_distance_terminal,truth,1.9893825054168701,2.704802989959717,0.9999152421951294,0.9997755885124207,12.200970904405755,6.105709534438764,2.2606411271564304,True,0.9999152421951294
10.404439210891724,5,target_distance_terminal,truth,1.771317958831787,2.721764087677002,0.9999815225601196,0.9997708201408386,12.308006049895605,5.952418181546358,1.934519111307361,True,0.9999815225601196
10.438993215560913,5,target_distance_terminal,truth,1.9581505060195923,3.1903247833251953,0.9999707937240601,0.9969812035560608,12.459767301363351,5.823332905148872,1.9320375485290473,True,0.9999707937240601
10.473471879959106,5,target_distance_terminal,truth,2.9963178634643555,4.283445835113525,0.999976396560669,0.9922168254852295,12.503887829647828,5.795345770866391,1.9734780186660943,True,0.999976396560669
10.505517482757568,5,target_distance_terminal,truth,3.5149126052856445,5.0442633628845215,0.9999583959579468,0.9911054968833923,12.389798534935345,5.981653018194522,2.2464194841812755,True,0.9999583959579468
10.54145073890686,5,target_distance_terminal,truth,2.9602015018463135,4.235142230987549,0.9999387264251709,0.9887338876724243,12.355607317413044,6.13645924420742,2.719279501331681,True,0.9999387264251709
10.571893453598022,5,target_distance_terminal,truth,1.87342369556427,2.7966043949127197,0.9998869895935059,0.9959166646003723,12.598648886080728,5.920435153369546,2.766527294651692,True,0.9998869895935059
10.60750150680542,5,target_distance_terminal,truth,1.8846076726913452,2.338313102722168,0.9999349117279053,0.998675525188446,12.623904146460807,5.913491224013854,2.819372753560894,True,0.9999349117279053
10.63784146308899,5,target_distance_terminal,truth,1.2295695543289185,1.2837002277374268,0.9999130964279175,0.9998173117637634,12.672646472664136,5.893560567689512,2.8575459407978743,True,0.9999130964279175
10.6744544506073,5,target_distance_terminal,truth,0.932119607925415,1.0021495819091797,0.9999899864196777,0.9999899864196777,12.607547969957551,5.9833450817706515,2.9317698086182675,True,0.9999899864196777
10.705348253250122,5,target_distance_terminal,truth,0.7761647701263428,0.7874553203582764,0.9999942779541016,0.9999942779541016,12.755990341532712,5.855990915034963,2.952898868259234,True,0.9999942779541016
10.738197326660156,2,target_distance_terminal,truth,0.7299575805664062,0.7354016900062561,0.999995231628418,0.9995330572128296,12.698382526296529,5.62225999821254,0.9468144343984088,True,0.999995231628418
10.774708986282349,5,target_distance_terminal,truth,0.8672438859939575,0.8672438859939575,0.9999986886978149,0.9990496039390564,12.80810332779717,5.741440828799019,2.5707333825271523,True,0.9999986886978149
10.806360006332397,2,target_distance_terminal,truth,0.8777725100517273,0.9110720157623291,0.9999991655349731,0.9998900890350342,12.806252047475759,5.544919653105165,1.0525957576954286,True,0.9999991655349731
10.839680433273315,2,target_distance_terminal,truth,0.8016667366027832,0.8448922634124756,0.9999994039535522,0.9999849796295166,12.84614085947539,5.544607433636979,1.2837044835855969,True,0.9999994039535522
10.877429962158203,7,target_distance_terminal,truth,0.9340609908103943,1.0924291610717773,0.9999996423721313,0.9999996423721313,13.030238126929895,5.401103402867513,1.633008562233995,True,0.9999996423721313
10.906622171401978,7,target_distance_terminal,truth,0.9888834953308105,1.12045156955719,0.9999996423721313,0.9999996423721313,13.159672314682231,5.300075207318466,1.7219840203707133,True,0.9999996423721313
10.937406063079834,7,target_distance_terminal,truth,1.037074327468872,1.2172162532806396,0.9999997615814209,0.9999997615814209,12.982530780924762,5.534472144674802,1.9849234628301837,True,0.9999997615814209
10.976728200912476,7,target_distance_terminal,truth,1.2499377727508545,1.6518652439117432,0.9999998807907104,0.9999998807907104,13.002496487103809,5.52546993213713,2.048720150518415,True,0.9999998807907104
11.005798816680908,7,target_distance_terminal,truth,1.0519059896469116,1.2780059576034546,0.9999998807907104,0.9999998807907104,12.81274169545974,5.759470333223485,2.194195848783124,True,0.9999998807907104
11.041339874267578,7,target_distance_terminal,truth,1.2150743007659912,1.6955115795135498,1.0,1.0,12.842884606999494,5.761569665012634,2.2813389982370564,True,1.0
11.071655511856079,7,target_distance_terminal,truth,1.0721440315246582,1.4911175966262817,1.0,1.0,12.796100198243309,5.8037830917801365,2.1533339438487915,True,1.0
11.108952283859253,7,target_distance_terminal,truth,1.1099103689193726,2.037421703338623,0.9999998807907104,0.9999998807907104,13.071907755148118,5.5594523579969986,2.351914024842564,True,0.9999998807907104
11.139017343521118,7,target_distance_terminal,truth,1.027198076248169,1.7411004304885864,0.9999998807907104,0.9999998807907104,12.957437815372241,5.67728290958919,2.265512179123651,True,0.9999998807907104
11.172836780548096,7,target_distance_terminal,truth,0.96141517162323,1.3861483335494995,1.0,1.0,12.932429191914405,5.734649193903557,2.347572245551999,True,1.0
11.206664323806763,7,target_distance_terminal,truth,1.0347739458084106,1.833310842514038,0.9999998807907104,0.9999998807907104,12.996099796414848,5.68925546431061,2.4474320962925953,True,0.9999998807907104
11.242140531539917,7,target_distance_terminal,truth,1.3025555610656738,2.327838897705078,0.9999991655349731,0.9999991655349731,13.37998661790935,5.306668390994984,2.398284403120899,True,0.9999991655349731
11.274341106414795,7,target_distance_terminal,truth,1.636849284172058,3.059915065765381,0.9999995231628418,0.9999995231628418,13.358051968788681,5.332061888854534,2.4113137821258133,True,0.9999995231628418
11.306211948394775,7,target_distance_terminal,truth,1.677420735359192,3.302037477493286,0.9999996423721313,0.9999996423721313,13.42203657090526,5.292599034170887,2.456404147819494,True,0.9999996423721313
11.339304447174072,7,target_distance_terminal,truth,1.8757954835891724,3.2880516052246094,0.9999986886978149,0.9999986886978149,13.450488855680558,5.265733645051228,2.3727660518614524,True,0.9999986886978149
11.372082233428955,7,target_distance_terminal,truth,1.6934961080551147,2.837722063064575,0.999998927116394,0.9999979734420776,13.195472122354445,5.554171328408491,2.436671413100748,True,0.999998927116394
11.406730651855469,7,target_distance_terminal,truth,1.8832398653030396,2.9518673419952393,0.9999990463256836,0.9999986886978149,12.949876689749251,5.815197338485164,2.4875693582385408,True,0.9999990463256836
11.448537588119507,7,target_distance_terminal,truth,1.1768487691879272,2.0472121238708496,0.9999996423721313,0.9999984502792358,12.804512551971138,5.94798826758623,2.401277107949796,True,0.9999996423721313
11.490410327911377,7,target_distance_terminal,truth,1.2674369812011719,2.062955379486084,0.9999994039535522,0.9999994039535522,12.687052545277114,6.067521934942145,2.3922935724616927,True,0.9999994039535522
11.519251585006714,7,target_distance_terminal,truth,1.2290267944335938,2.104684352874756,0.9999994039535522,0.9999994039535522,12.747301891613704,6.046063239925847,2.497482172629986,True,0.9999994039535522
11.560622692108154,7,target_distance_terminal,truth,1.0803295373916626,1.9249067306518555,0.9999998807907104,0.9999998807907104,12.694683248392137,6.096478080919307,2.451052596629928,True,0.9999998807907104
11.591705799102783,7,target_distance_terminal,truth,0.9646009802818298,1.7437701225280762,0.9999998807907104,0.9999998807907104,12.71627849174953,6.120774619499715,2.494305394671671,True,0.9999998807907104
11.61853551864624,7,target_distance_terminal,truth,0.8979105949401855,1.7273547649383545,0.9999996423721313,0.9999996423721313,12.691291278895765,6.151809738938535,2.4601872254409702,True,0.9999996423721313
11.652600049972534,7,target_distance_terminal,truth,0.853053092956543,1.6121283769607544,0.9999991655349731,0.9999991655349731,12.696597513770579,6.1481547463835,2.4370744623833027,True,0.9999991655349731
11.68402886390686,7,target_distance_terminal,truth,0.8972052335739136,1.8446667194366455,0.999996542930603,0.999996542930603,12.899797133421165,5.940228465850846,2.4232813786479763,True,0.999996542930603
11.716962099075317,7,target_distance_terminal,truth,0.8976202011108398,1.8038054704666138,0.9999878406524658,0.9999878406524658,13.08685158446638,5.7700288226547,2.436835426288904,True,0.9999878406524658
11.752674341201782,7,target_distance_terminal,truth,0.8801474571228027,1.7145495414733887,0.9999979734420776,0.9999979734420776,12.732064901203755,6.154491988979708,2.4609071581982884,True,0.9999979734420776
11.784654378890991,7,target_distance_terminal,truth,0.856558084487915,1.5524921417236328,0.9999986886978149,0.9999986886978149,12.782846611162828,6.113013557150562,2.4799172396745037,True,0.9999986886978149
11.824134826660156,7,target_distance_terminal,truth,0.8953157663345337,1.6993147134780884,0.9999997615814209,0.9999997615814209,12.802760760563261,6.119523056249531,2.6059750019733205,True,0.9999997615814209
11.858680963516235,7,target_distance_terminal,truth,0.8611679077148438,1.589967131614685,0.9999998807907104,0.9999998807907104,12.858006922219094,6.110391936682221,2.680296329650551,True,0.9999998807907104
11.902443647384644,7,target_distance_terminal,truth,0.9921497702598572,1.8598476648330688,0.9999998807907104,0.9999998807907104,13.009923125168948,6.002978575280838,2.806264439934738,True,0.9999998807907104
11.916440963745117,7,target_distance_terminal,truth,1.121083378791809,2.453103542327881,0.9999998807907104,0.9999998807907104,13.017521655468949,6.033086249096226,2.961048295516391,True,0.9999998807907104
11.965370655059814,7,target_distance_terminal,truth,1.1565959453582764,2.3961541652679443,0.9999998807907104,0.9999998807907104,12.950369300091179,6.089503392122392,2.96521323732041,True,0.9999998807907104
12.008352756500244,7,target_distance_terminal,truth,1.147236943244934,2.506913900375366,0.9999998807907104,0.9999998807907104,13.018005379742664,6.066058596745375,3.013982326477856,True,0.9999998807907104
12.043397188186646,7,target_distance_terminal,truth,1.2454752922058105,2.679234743118286,0.9999996423721313,0.9999996423721313,13.007121356687028,6.089027052514317,2.9119056844005646,True,0.9999996423721313
12.073319911956787,7,target_distance_terminal,truth,1.1700706481933594,2.4591238498687744,0.9999998807907104,0.9999992847442627,12.924490344482242,6.14809150408105,2.7587595499066517,True,0.9999998807907104
12.101011037826538,7,target_distance_terminal,truth,1.0625250339508057,2.0974202156066895,1.0,0.9999982118606567,12.91943805284324,6.16606178652541,2.6934967089293167,True,1.0
12.133522748947144,7,target_distance_terminal,truth,1.1301978826522827,2.1806929111480713,0.9999998807907104,0.9999990463256836,13.114339833613482,6.024512045143414,2.91296484492129,True,0.9999998807907104
12.169493198394775,7,target_distance_terminal,truth,1.1045902967453003,1.958951473236084,0.9999996423721313,0.9999991655349731,13.17227223499456,5.991886070326846,3.0251720566336315,True,0.9999996423721313
12.200581073760986,7,target_distance_terminal,truth,1.3805984258651733,2.3296260833740234,0.9999997615814209,0.9999983310699463,12.788050568047991,6.319172636089182,2.627863173305014,True,0.9999997615814209
12.235509872436523,7,target_distance_terminal,truth,1.0300946235656738,1.673244833946228,1.0,0.9999985694885254,12.73189970531494,6.327033631818358,2.3844560046284,True,1.0
12.26596474647522,7,target_distance_terminal,truth,0.9391952157020569,1.4847052097320557,1.0,0.9999973773956299,12.863443340728681,6.227939694824068,2.4491648633091603,True,1.0
12.299458980560303,7,target_distance_terminal,truth,1.0451138019561768,1.4636045694351196,1.0,0.9999922513961792,12.798459081902646,6.271396966692215,2.2428957748220575,True,1.0
12.342456340789795,8,target_distance_terminal,truth,1.3680506944656372,1.7020437717437744,1.0,1.0,12.48432829769891,6.544243058410806,1.9493295661288954,True,1.0
12.36876130104065,8,target_distance_terminal,truth,1.5349528789520264,1.9737067222595215,1.0,1.0,12.44642081686406,6.587823051102053,1.8605445787359827,True,1.0
12.400485038757324,8,target_distance_terminal,truth,1.6546123027801514,2.1182639598846436,1.0,1.0,12.385586116327628,6.664722559177461,1.8241860582404392,True,1.0
12.433968305587769,8,target_distance_terminal,truth,1.7588682174682617,2.12369704246521,1.0,1.0,12.40313358055787,6.630111387726197,1.7014781050355277,True,1.0
12.468353271484375,8,target_distance_terminal,truth,1.801058292388916,2.14393949508667,1.0,1.0,12.436373070918416,6.645626858464441,1.8954046775928393,True,1.0
12.50085163116455,8,target_distance_terminal,truth,1.3787257671356201,2.2679152488708496,1.0,1.0,12.471517585967593,6.632026806702302,1.8976390282024493,True,1.0
12.533744812011719,8,target_distance_terminal,truth,1.5481531620025635,2.3156051635742188,1.0,1.0,12.344991820530565,6.744078448950651,1.804184725509878,True,1.0
12.566786527633667,8,target_distance_terminal,truth,1.3470135927200317,2.235373020172119,1.0,1.0,12.330068752067062,6.819916351803563,2.0551824429728005,True,1.0
12.600699424743652,8,target_distance_terminal,truth,0.9931104183197021,1.8966816663742065,1.0,1.0,12.318488635989413,6.865618910238515,2.148767674892766,True,1.0
12.633790731430054,8,target_distance_terminal,truth,0.9357682466506958,1.6368972063064575,0.9999996423721313,0.9999996423721313,12.50358371984493,6.675062932085371,2.119633639454324,True,0.9999996423721313
12.684642553329468,8,target_distance_terminal,truth,0.9266781806945801,1.7180030345916748,0.9999997615814209,0.9999997615814209,12.434213614661244,6.703585590347063,1.95050397589821,True,0.9999997615814209
12.716315746307373,8,target_distance_terminal,truth,0.8502822518348694,1.7867952585220337,0.9999998807907104,0.9999998807907104,12.473838127096627,6.665037251399617,1.568461131921966,True,0.9999998807907104
12.74886441230774,8,target_distance_terminal,truth,0.8662267923355103,1.6854201555252075,0.9999997615814209,0.9999997615814209,12.558261800562086,6.577271344960507,1.3895288045516465,True,0.9999997615814209
12.784730672836304,8,target_distance_terminal,truth,0.7513993382453918,1.4254086017608643,0.9999994039535522,0.9999994039535522,12.501085498815472,6.6291090858847666,1.315617832460606,True,0.9999994039535522
12.81734848022461,8,target_distance_terminal,truth,0.7618650794029236,1.4921237230300903,0.9999998807907104,0.9999998807907104,12.398025601519265,6.721947286384124,1.0067643755114002,True,0.9999998807907104
12.848664045333862,8,target_distance_terminal,truth,0.7271064519882202,1.3151100873947144,0.9999983310699463,0.9999973773956299,12.682958010311085,6.465546175459961,1.13963060730607,True,0.9999983310699463
12.88464641571045,8,target_distance_terminal,truth,0.6886003613471985,1.1200708150863647,0.9999998807907104,0.9999939203262329,12.748730496872398,6.398767836085392,1.1089245813602702,True,0.9999998807907104
12.91801643371582,8,target_distance_terminal,truth,0.6551961898803711,1.1050392389297485,1.0,0.9999939203262329,12.64225368226718,6.519375076537581,1.0595687950359074,True,1.0
12.950822591781616,9,target_distance_terminal,truth,0.7694123387336731,2.0878939628601074,1.0,1.0,12.168662319340836,6.968709395373115,0.2389764160917244,True,1.0
12.983922481536865,9,target_distance_terminal,truth,0.9665694236755371,2.35011887550354,1.0,1.0,12.325803518732199,6.8132569672127055,0.24426392747699127,True,1.0
13.030413627624512,9,target_distance_terminal,truth,0.9559526443481445,2.337996244430542,1.0,1.0,12.25381613242359,6.886965115115623,0.2564458023238119,True,1.0
13.0490882396698,9,target_distance_terminal,truth,1.0763700008392334,2.3507118225097656,0.9999997615814209,0.9999997615814209,12.372082804003362,6.811429425411382,0.2562605546917185,True,0.9999997615814209
13.095812320709229,9,target_distance_terminal,truth,0.7640911936759949,1.7982656955718994,0.9999992847442627,0.9999992847442627,12.794128045700303,6.364971316224208,0.2399061591586209,True,0.9999992847442627
13.121195554733276,7,target_distance_terminal,truth,0.6978387832641602,0.8485575914382935,0.9999974966049194,0.9999974966049194,12.841998165119799,6.501531375277796,1.8326869269654635,True,0.9999974966049194
13.150240898132324,7,target_distance_terminal,truth,0.6838515996932983,0.8829906582832336,0.9999986886978149,0.9999986886978149,12.783284717282731,6.562115335606158,1.8410199041630508,True,0.9999986886978149
13.184689283370972,7,target_distance_terminal,truth,0.681056022644043,0.9001293182373047,0.9999978542327881,0.9999978542327881,12.844687669355357,6.498799346978402,1.8579325504720898,True,0.9999978542327881
13.215986013412476,7,target_distance_terminal,truth,0.6599264740943909,0.9088607430458069,0.9999960660934448,0.9999960660934448,12.806306292613867,6.545515315934611,1.7958454201665306,True,0.9999960660934448
13.27053713798523,7,target_distance_terminal,truth,0.6412786245346069,0.9415721893310547,0.999996542930603,0.9999964237213135,12.783104638601097,6.556034311262953,1.8199448873470743,True,0.999996542930603
13.303664684295654,7,target_distance_terminal,truth,0.6177035570144653,0.8673730492591858,0.9999992847442627,0.9999966621398926,12.819225442682248,6.571108008918666,1.8089807081277105,True,0.9999992847442627
13.33281421661377,7,target_distance_terminal,truth,0.6666114926338196,0.8732432723045349,0.9999995231628418,0.9999988079071045,12.824241129862246,6.582106658307574,1.8136691004017895,True,0.9999995231628418
13.378350973129272,7,target_distance_terminal,truth,0.6383529901504517,0.9271065592765808,0.9999997615814209,0.9999991655349731,12.823178652362504,6.560793186431091,1.8211360127360208,True,0.9999997615814209
13.405275344848633,7,target_distance_terminal,truth,0.6332233548164368,0.8741040229797363,0.9999996423721313,0.9999990463256836,12.938641374478982,6.507237827212777,1.9742595572762485,True,0.9999996423721313
13.433175802230835,7,target_distance_terminal,truth,0.6208010911941528,0.8507605195045471,0.9999996423721313,0.999998927116394,12.976241026586491,6.484345954022656,1.948531332165073,True,0.9999996423721313
13.467832803726196,7,target_distance_terminal,truth,0.590977132320404,0.7783588171005249,0.9999998807907104,0.9999994039535522,12.958592709134702,6.496425973997497,1.9924963641367575,True,0.9999998807907104
13.498543977737427,7,target_distance_terminal,truth,0.6519497632980347,0.8013092279434204,0.9999997615814209,0.9999996423721313,13.002778116323766,6.478736849182717,2.0488413617374768,True,0.9999997615814209
13.546431064605713,7,target_distance_terminal,truth,0.6291235685348511,0.7586690187454224,0.9999996423721313,0.9999988079071045,13.094710722228555,6.407182809775231,2.2149493383954555,True,0.9999996423721313
13.577836036682129,7,target_distance_terminal,truth,0.5444679260253906,0.6882954835891724,0.9999998807907104,0.9999995231628418,13.245063538773046,6.322232333659416,2.5745469520980735,True,0.9999998807907104
13.601780414581299,7,target_distance_terminal,truth,0.5594450235366821,0.705090343952179,0.9999998807907104,0.9999977350234985,13.224425167698284,6.355341637382711,2.370116076900989,True,0.9999998807907104
13.63376259803772,7,target_distance_terminal,truth,0.5443787574768066,0.6815722584724426,0.9999998807907104,0.9999984502792358,13.098151995914506,6.450227264979621,2.2915302229948145,True,0.9999998807907104
13.679344892501831,7,target_distance_terminal,truth,0.5672264695167542,0.7126419544219971,0.9999998807907104,0.9999986886978149,13.119222828604446,6.4374687640210935,2.371457169621456,True,0.9999998807907104
13.704814672470093,7,target_distance_terminal,truth,0.5457817316055298,0.7141546010971069,0.9999998807907104,0.9999982118606567,13.141875936964444,6.432917601675162,2.254994488793952,True,0.9999998807907104
13.73355770111084,7,target_distance_terminal,truth,0.5657655000686646,0.7676912546157837,0.9999997615814209,0.9999988079071045,13.122833254382893,6.456255180635112,2.296126511802963,True,0.9999997615814209
13.766448497772217,7,target_distance_terminal,truth,0.5412015318870544,0.7117162942886353,0.9999997615814209,0.9999977350234985,13.28642589829301,6.324145299667625,2.4434755336437823,True,0.9999997615814209
13.79999327659607,7,target_distance_terminal,truth,0.5737752318382263,0.733058750629425,0.9999998807907104,0.9999986886978149,13.345186987939572,6.270189005516534,2.4024427558262267,True,0.9999998807907104
13.833198308944702,4,target_distance_terminal,truth,0.5883998870849609,1.1214749813079834,0.9999998807907104,0.9999352693557739,13.307593438360934,6.088773143836988,0.1756269193954936,True,0.9999998807907104
13.867656230926514,4,target_distance_terminal,truth,0.5760388374328613,1.1373052597045898,0.9999998807907104,0.9999874830245972,13.275647597357626,6.134359094945076,0.19132904753661534,True,0.9999998807907104
13.901482820510864,7,target_distance_terminal,truth,0.6005787253379822,0.7494839429855347,0.9999998807907104,0.9999970197677612,13.212562899881892,6.404949029944028,2.26445974712408,True,0.9999998807907104
13.933710098266602,7,target_distance_terminal,truth,0.6090673804283142,0.7655631303787231,0.9999998807907104,0.9999985694885254,13.108346383651073,6.497700504419028,2.1951346623093566,True,0.9999998807907104
13.968792200088501,7,target_distance_terminal,truth,0.5857448577880859,0.7336277365684509,0.9999998807907104,0.9999967813491821,13.2042751714989,6.415425457538977,2.229019291649693,True,0.9999998807907104
14.001156568527222,7,target_distance_terminal,truth,0.5657361149787903,0.7068448662757874,1.0,0.9999986886978149,13.079811120529968,6.557376361907048,2.222979087131487,True,1.0
14.033612728118896,7,target_distance_terminal,truth,0.5518866777420044,0.7166089415550232,1.0,0.999998927116394,12.985208730919,6.634185649373812,2.139977693095343,True,1.0
14.067328453063965,7,target_distance_terminal,truth,0.5938730239868164,0.7767370343208313,0.9999998807907104,0.9999984502792358,12.964767316541506,6.663106846601828,2.11259512903941,True,0.9999998807907104
14.100160121917725,7,target_distance_terminal,truth,0.6164360046386719,0.8192355632781982,0.9999997615814209,0.9999945163726807,13.029609092064476,6.601535436776374,2.0360614569557978,True,0.9999997615814209
14.133984088897705,7,target_distance_terminal,truth,0.6525776982307434,0.8632872104644775,0.9999998807907104,0.9999945163726807,13.141388757960229,6.492927256504337,2.0989037273504345,True,0.9999998807907104
14.181460857391357,7,target_distance_terminal,truth,0.6718536019325256,0.9029622673988342,0.9999997615814209,0.9999979734420776,12.89553970182413,6.726418275386217,2.03913951653248,True,0.9999997615814209
14.217158317565918,7,target_distance_terminal,truth,0.8239282369613647,1.1125800609588623,0.9999995231628418,0.9999924898147583,13.03964655460506,6.594577354709732,1.9737246885687563,True,0.9999995231628418
14.265970706939697,7,target_distance_terminal,truth,0.7211470603942871,0.959764838218689,0.9999997615814209,0.9999983310699463,12.883987238584693,6.735817371106099,1.979807465605969,True,0.9999997615814209
14.300630569458008,7,target_distance_terminal,truth,0.7620699405670166,0.9444966912269592,0.9999997615814209,0.9999991655349731,12.78595257860961,6.863858812766376,1.8679115411082847,True,0.9999997615814209
14.33481764793396,7,target_distance_terminal,truth,0.6502352952957153,0.8447966575622559,0.9999997615814209,0.9999994039535522,12.754227125456437,6.888798710824666,1.8314246922182171,True,0.9999997615814209
14.379398822784424,7,target_distance_terminal,truth,0.6688435077667236,0.8458313345909119,0.9999997615814209,0.9999983310699463,12.956889328497176,6.684788086337788,1.8868859668902385,True,0.9999997615814209
14.415842056274414,7,target_distance_terminal,truth,0.5936479568481445,0.7639185190200806,0.9999997615814209,0.9999994039535522,12.878011429022814,6.779205102754058,1.840333217307186,True,0.9999997615814209
14.451282978057861,7,target_distance_terminal,truth,0.5663892030715942,0.7139304876327515,0.9999998807907104,0.9999994039535522,12.909920260890654,6.766201082650372,1.8426519649691107,True,0.9999998807907104
14.483574867248535,7,target_distance_terminal,truth,0.5356706380844116,0.7120917439460754,0.9999996423721313,0.9999994039535522,12.827628801509519,6.839656131029062,1.785934144650002,True,0.9999996423721313
14.516381740570068,7,target_distance_terminal,truth,0.5476379990577698,0.7352008819580078,0.9999996423721313,0.9999996423721313,12.814752088467573,6.848344569856395,1.6749967302903441,True,0.9999996423721313
14.550187826156616,7,target_distance_terminal,truth,0.5445045828819275,0.716177225112915,0.9999998807907104,0.9999998807907104,12.866598876254479,6.804317518561969,1.6441146145633585,True,0.9999998807907104
14.582682371139526,7,target_distance_terminal,truth,0.5558640360832214,0.7138127088546753,0.9999998807907104,0.9999998807907104,12.918936062096607,6.764399741930591,1.6439432012521267,True,0.9999998807907104
14.616722345352173,7,target_distance_terminal,truth,0.542011559009552,0.7035930752754211,0.9999998807907104,0.9999998807907104,12.88236978154116,6.786115896541136,1.5817417643019025,True,0.9999998807907104
14.650876522064209,7,target_distance_terminal,truth,0.5345536470413208,0.6884218454360962,0.9999998807907104,0.9999998807907104,12.95155998045256,6.732939518138078,1.6176362318069857,True,0.9999998807907104
14.688262462615967,7,target_distance_terminal,truth,0.5234960317611694,0.6454758644104004,0.9999998807907104,0.9999997615814209,12.98265385197697,6.699920574526068,1.6422935415826285,True,0.9999998807907104
14.717437744140625,7,target_distance_terminal,truth,0.5180149674415588,0.698100209236145,0.9999998807907104,0.9999998807907104,13.116335932945951,6.596301671029601,1.7044521669029418,True,0.9999998807907104
14.764492273330688,7,target_distance_terminal,truth,0.5203362703323364,0.6683700084686279,0.9999998807907104,0.9999997615814209,13.106667195368493,6.571334582688263,1.695858680059201,True,0.9999998807907104
14.800374269485474,7,target_distance_terminal,truth,0.534870982170105,0.6708657741546631,0.9999998807907104,0.9999998807907104,13.131006454770633,6.588032787672108,1.711708517258601,True,0.9999998807907104
14.84241795539856,7,target_distance_terminal,truth,0.5305275321006775,0.6750786304473877,1.0,1.0,13.033765938876572,6.68067574935919,1.6882890164066584,True,1.0
14.866832494735718,7,target_distance_terminal,truth,0.5395748615264893,0.6743155121803284,1.0,1.0,13.090541099608535,6.643980759240263,1.7284947494858223,True,1.0
14.900111436843872,7,target_distance_terminal,truth,0.5298823118209839,0.6569876670837402,1.0,1.0,13.039430608332271,6.695161997351025,1.6343011636553864,True,1.0
14.933592081069946,7,target_distance_terminal,truth,0.5237783193588257,0.6574776768684387,1.0,1.0,13.012784093755396,6.713331371379815,1.6211758624926613,True,1.0
14.9690580368042,7,target_distance_terminal,truth,0.5401321053504944,0.6757184267044067,1.0,1.0,13.06671288670075,6.668864445124614,1.598414724868511,True,1.0
15.001168251037598,7,target_distance_terminal,truth,0.5239123106002808,0.6413576006889343,1.0,1.0,13.118605695967677,6.632314340643059,1.6194061456491595,True,1.0
15.033407211303711,7,target_distance_terminal,truth,0.5362700819969177,0.6628749966621399,1.0,1.0,13.139209941600562,6.610991833172815,1.6778096038051442,True,1.0
15.077298164367676,7,target_distance_terminal,truth,0.5298123359680176,0.6795695424079895,1.0,1.0,13.171701643378105,6.567053291505026,1.6599834297062892,True,1.0
15.100934267044067,7,target_distance_terminal,truth,0.5302633047103882,0.6413368582725525,1.0,1.0,13.188521463962298,6.595670084877544,1.6465018157797882,True,1.0
15.142414808273315,7,target_distance_terminal,truth,0.520719051361084,0.623576283454895,1.0,1.0,13.322620717023135,6.458489498886206,1.6761456145487748,True,1.0
